"Analized_chunk_loc","Title","Begin_shift","End_shift","Track_title","Type"
"http://pornhub.com/view_video.php?viewkey=ph560450192f768","Massage Me Hard",190000,291250,"r0cc7577.mp4","PARTIAL"
"https://xvideos.com/video37241843/slim_teens_evelyn_and_chloe_fingered_and_fucked","If Pillows Could Talk",22000,1202500,"u04cd44c.mp4","PARTIAL"
"https://xvideos.com/video23978834/teenie_julia_-_die_drecksau_","Bad girl",23000,1094500,"xfd9d7bf.mp4","PARTIAL"
"http://pornhub.com/view_video.php?viewkey=ph5d2f3e5729e07","Going Deeper Than Before",20000,1431000,"k7e20717.mp4","PARTIAL"
"https://xvideos.com/video25475761/firstanalquest.com_-_first_time_anal_in_erotic_teen_video_with_a_young_beauty","Show Me What You Got",391500,1193500,"ufd695cc.mp4","PARTIAL"
"https://xvideos.com/video43721863/_","Getting Hammered",10000,1126250,"gb5a0883.mp4","PARTIAL"
"https://xvideos.com/video5815328/delighting_a_shaft_with_oral_stimulation","I Gushed Again!",104500,284000,"t24b8482.mp4","PARTIAL"
"https://xvideos.com/video9814215/perky_tit_teen_fills_her_mouth_and_pussy_with_double_man_meat","Let's Make It Double",100500,370250,"r9ee8ac7.mp4","PARTIAL"
"https://xvideos.com/video10050905/skinny_nymph_and_wicked_massage","Massage Me Hard",161500,397250,"r0cc7577.mp4","PARTIAL"
"https://xvideos.com/video31156573/moly_wakes_her_man_up_with_a_blowjob","Fucked In The Ass, Squirted In The Pussy",407500,1392000,"xa254a4e.mp4","PARTIAL"
"https://xvideos.com/video26384759/big_cock_taken_in_asshole_of_stepsister_so_she_is_happy_for_the_big_cumshot_face","The art of anal",27000,1815750,"sbca11d7.mp4","PARTIAL"
"https://xvideos.com/video26122067/perky_natural_teen_tits_young_tiny_tight_fuckhole_for_big_dick_stuffed_into_hole","Party Girl",8000,1248750,"xed3a212.mp4","PARTIAL"
"https://xvideos.com/video12415681/firstanalquest.com_-_anal_toy_leaves_her_eager_for_virgin_asian_ass_fucking","Jada Tries It Anally",197000,1356750,"ld523d3b.mp4","PARTIAL"
"https://xvideos.com/video48762739/britney_and_zoe_-_two_girls_one_mission","Two Girls - One Mission",20000,1137500,"vebacf7b.mp4","PARTIAL"
"http://pornhub.com/view_video.php?viewkey=ph5d389bfa10ebd","Mirror Of Your Paradise",46000,711250,"vab6e066.mp4","PARTIAL"
"http://pornhub.com/view_video.php?viewkey=ph5cbac6d1c8714","Exploring Horny Blonde",66000,662250,"yf87172d.mp4","PARTIAL"
"http://pornhub.com/view_video.php?viewkey=68629099","A Shy Porn Starlet",20000,1547750,"wc94e225.mp4","FULL"
"http://pornhub.com/view_video.php?viewkey=ph5ccd86e6a6f34","How Deep Is Your Love?",20000,1287750,"rd047aae.mp4","FULL"
"https://xvideos.com/video35707411/teen_evelina_darling_oil_massage_with_intense_fuck","Let Me Hear You Moan",571000,937750,"f19c85e2.mp4","PARTIAL"
"http://pornhub.com/view_video.php?viewkey=ph5d0b290d365b3","Going Deep",20000,1479750,"l21a454a.mp4","PARTIAL"
"https://xvideos.com/video10455043/sexy_girl_amazing_body","Frisky Starlet",177500,1623750,"y67eba05.mp4","PARTIAL"
"http://pornhub.com/view_video.php?viewkey=1063239665","FantasyHD Tuesday! The Car Wash",73500,300250,"md7d4e83.mp4","PARTIAL"
"https://xvideos.com/video4322298/anal_teens_from_russian_5_scene_2","A Heated Romance",7000,823250,"w2601a47.mp4","PARTIAL"
"http://pornhub.com/view_video.php?viewkey=ph5b5cb7b5e1905","Mama Mia!",20000,1445000,"u5bbeb57.mp4","FULL"
"https://xvideos.com/video26670667/lovely_russian_sisters_chinara_and_peachy_love_the_warm_cum_and_hot_cocks_inside_t","Cum And Be Happy",20000,1311750,"b4aae8f1.mp4","FULL"
"https://xvideos.com/video6817857/beauty_gets_a_sensual_fingering_and_pussy_massage","A Hardcore Therapy",142000,353500,"lb0ede7a.mp4","PARTIAL"
"https://xvideos.com/video9982716/slim_nymph_is_amazed_with_sexy_sex","Let Me Water Your Flower",164500,355250,"y1e7925f.mp4","PARTIAL"
"https://xvideos.com/video22807645/firstanalquest.com_-_anal_girl_fucked_in_the_asshole_from_behind_by_big_cock","Asshole Frenzy",9000,1362000,"w2dede15.mp4","PARTIAL"
"https://xvideos.com/video15762591/slim_beauty_sheri","I Got The Urge",437500,1061250,"hb9236a0.mp4","PARTIAL"
"https://xvideos.com/video9749335/la_novia_lily","Bang Me Hard",8500,1081750,"w95456d2.mp4","PARTIAL"
"http://pornhub.com/view_video.php?viewkey=ph5b85a9b685e0a","Your Gentle Touch",242500,857000,"g99c9b7a.mp4","PARTIAL"
"http://pornhub.com/view_video.php?viewkey=ph5b83e4c609929","Nubile Films Sunday! My Model",20500,1466000,"z3437836.mp4","FULL"
"http://pornhub.com/view_video.php?viewkey=ph5cbc16c4a25a6","Lena's First Date With A Girl",21500,605250,"cedf521c.mp4","PARTIAL"
"http://pornhub.com/view_video.php?viewkey=1095750434","Nubile Films Monday! Love Song",20000,1438000,"l659746c.mp4","FULL"
"https://xvideos.com/video10303834/jb_joanna_y_su_amiga_cojidas","Two Girls Means Double The Fun",10000,1292250,"z31650a4.mp4","PARTIAL"
"http://pornhub.com/view_video.php?viewkey=2025927607","Used And Abused",83000,1282750,"wf63166f.mp4","PARTIAL"
"https://xvideos.com/video4597152/angela","An Ardent Interconnection",194000,1360500,"uab36a35.mp4","PARTIAL"
"https://xvideos.com/video27565631/asian_teen_fucking_step-brother_-_hotasianbabes.ml","Let Me Teach You",143500,1325500,"zd8b4021.mp4","PARTIAL"
"http://pornhub.com/view_video.php?viewkey=178472941","Massage Therapy",98500,500750,"db8a44ca.mp4","PARTIAL"
"https://xvideos.com/video38564699/guy_having_a_wild_night_after_some_drinks_","Two Girls Means Double The Fun",8000,1546000,"z31650a4.mp4","PARTIAL"
"https://xvideos.com/video16026051/brother_caught_step_sister_masturbate_and_fuck_her","Take me while I'm hot!",256500,775250,"w43ec1ab.mp4","PARTIAL"
"http://pornhub.com/view_video.php?viewkey=434152954","Nubiles Wednesday! Smack My Butt",19000,719750,"m6f06a65.mp4","PARTIAL"
"https://xvideos.com/video8387326/fitness_and_mastur","Strip Fitness Master Class",4500,225000,"y0861f3d.mp4","PARTIAL"
"https://xvideos.com/video26050887/fantasyhd_-_busty_alexis_adams_gets_turned_over_and_fucked_doggystyle","FantasyHD Monday! Pussy Perfection",20000,381750,"v3ce8cc6.mp4","PARTIAL"
"https://xvideos.com/video30351345/russian_college_teens_caught_masturbating_and_fucked_hard","Sharing My Love",27000,913250,"gd26a015.mp4","PARTIAL"
"http://pornhub.com/view_video.php?viewkey=ph5d192d856a020","Massage For A Little Princess",20000,1479500,"w6f6a4ae.mp4","FULL"
"https://xvideos.com/video22138029/sexy_teen_duo_massage_with_happy_ending","Surfing On Love",21000,1201250,"hf5c379a.mp4","PARTIAL"
"https://xvideos.com/video26189187/interrupted_young_lolita_stepsis_to_get_cock_in_wet_tight_teen_cunt_soon_fuck","No more games",25000,665250,"t4624c86.mp4","PARTIAL"
"http://pornhub.com/view_video.php?viewkey=ph5d2f6f97c232f","Too Big",179500,624000,"z5677e5f.mp4","PARTIAL"
"https://xvideos.com/video17513151/blonde_teen_gets_massaged_and_fucked","Dirty Fantasies Come True",357500,641750,"v06c5e18.mp4","PARTIAL"
"https://xvideos.com/video30193701/russian_glamour_teens_enjoy_their_1st_threesome_together","Good Girls Are Hard To Find",550500,1324000,"ea732a53.mp4","PARTIAL"
"https://xvideos.com/video38020197/classmates_fucking_drunk_and_going_wild_","Double Bed, Double The Fun",197000,1166000,"bc2f64b0.mp4","PARTIAL"
"https://xvideos.com/video28188625/beauty-angels.com_-_sheri_vi_-_colors_of_joy","Sex With A Toy",10000,171000,"g75de3ad.mp4","PARTIAL"
"https://xvideos.com/video30578525/raw_lesson_and_mouth_filling_with_cum_for_18yo_student","Ardent Lovers",9000,589250,"m8907984.mp4","PARTIAL"
"http://pornhub.com/view_video.php?viewkey=ph5a80326ae3428","Spring Feeling",19000,104250,"l4369058.mp4","PARTIAL"
"http://pornhub.com/view_video.php?viewkey=ph5cb5ae2b9cae4","Guide To Dating",15000,601000,"xdb1facf.mp4","PARTIAL"
"http://pornhub.com/view_video.php?viewkey=ph5a5913de17cc2","Open For Everything",20000,1780000,"scb0fc76.mp4","FULL"
"https://xvideos.com/video31275539/hot_skinny_girl_masturbated_hard_with_vibrator_","Beautiful Sharon riding a hard massive cock",10500,1733250,"ocd40a51.mp4","PARTIAL"
"https://xvideos.com/video26652401/young_cum_craving_amateur_teen_sister_takes_all_sperm_from_him_after_pussy_fuck","No more games",461500,854500,"t4624c86.mp4","PARTIAL"
"http://pornhub.com/view_video.php?viewkey=ph5cb850a79e806","Staying Alone",86000,493750,"z7e3ee18.mp4","PARTIAL"
"http://pornhub.com/view_video.php?viewkey=ph58266b8e1f419","Guitar Lesson",31000,89750,"le7f7d81.mp4","PARTIAL"
"https://xvideos.com/video23035509/beautiful_treesome_sex","A Humble Rumble",213500,815000,"v35e3127.mp4","PARTIAL"
"https://xvideos.com/video26607771/skinny_teen_get_pussy_massage_and_big_cock_fuck","A Horny Client",8000,1568000,"z0383c75.mp4","FULL"
"http://pornhub.com/view_video.php?viewkey=332054509","Karoll Loves It Deep",9000,1329500,"v6565a0c.mp4","PARTIAL"
"https://xhamster.com/videos/petite-teens-kasey-chase-fpd-1686732","Nubiles Wednesday! Smack My Butt",16500,230750,"m6f06a65.mp4","PARTIAL"
"http://pornhub.com/view_video.php?viewkey=ph5d3764b290ef1","Fucking A Head",73500,507000,"y82c27ff.mp4","PARTIAL"
"https://xvideos.com/video9788326/480p_600k_33739931","Got A Boner For Me?",212000,1644750,"yef3ebde.mp4","PARTIAL"
"https://xvideos.com/video38564731/bisexual_girls_sharing_guy_","Join Our Party",8500,1406750,"sbd6fb4e.mp4","PARTIAL"
"https://xvideos.com/video20179649/18yo_good_morning_sexy_teen_ass","No hole left behind",218000,637750,"s2487328.mp4","PARTIAL"
"https://xvideos.com/video31156699/18yo_anastasia_takes_off_her_panties_and_makes_her_man_cum","No more games",98000,1264500,"t4624c86.mp4","PARTIAL"
"http://pornhub.com/view_video.php?viewkey=ph5cb6b982c76b5","Fuck Me Eva Elfie",120000,533750,"ya2547f8.mp4","PARTIAL"
"https://xvideos.com/video6307830/delighting_a_giant_male_dong","Put It Harder",123000,195500,"o33bfb29.mp4","PARTIAL"
"http://pornhub.com/view_video.php?viewkey=ph5d18b5bcdffac","Shadow Of Big",20000,2097750,"d7320d10.mp4","PARTIAL"
"https://xvideos.com/video28788435/exxxtra_sexy_russian_teen_is_ada_control_for_anal_creampie","My Ass Is First Class",166500,457750,"e3988404.mp4","PARTIAL"
"https://xhamster.com/videos/dude-cant-resist-licking-his-hot-girlfriends-ass-3758105","Load My Mouth",8000,606750,"vdab1e56.mp4","PARTIAL"
"https://xvideos.com/video20844147/horny_slut_has_her_wet_cunt_slammed_sensually","Some Girls Like It Harder",399500,1147250,"kb622430.mp4","PARTIAL"
"https://xvideos.com/video33588051/super_teen_stunner_anjelica_gets_her_pussy_rocked_at_an_airbnb","An Ardent Interconnection",12500,1458750,"uab36a35.mp4","FULL"
"https://xvideos.com/video20996177/bro_caught_step-sister_masturbate_and_fuck_her_anal","Put It Deeper",399500,612250,"kbc26737.mp4","PARTIAL"
"https://xhamster.com/videos/kasey-n15-1188212","Nubiles Wednesday! Smack My Butt",15000,230000,"m6f06a65.mp4","PARTIAL"
"https://xvideos.com/video25290113/what_s_her_name-_nombre_xf","Put It Harder",199000,1250250,"o33bfb29.mp4","PARTIAL"
"http://pornhub.com/view_video.php?viewkey=ph58aee7793fe7f","Polishing His Thing",630000,1254000,"z92ab859.mp4","PARTIAL"
"http://pornhub.com/view_video.php?viewkey=ph5cb4392880365","Fruit Of Love",37000,477000,"zdb1b75f.mp4","PARTIAL"
"http://pornhub.com/view_video.php?viewkey=ph5d34660171807","Unused Pussies",123000,356000,"s27e63ca.mp4","PARTIAL"
"https://xvideos.com/video29634353/newcomer_luxury_teen_enjoys_1st_time_balls_deep_anal_sex","It Must Be Love",12500,1054250,"w36d2468.mp4","PARTIAL"
"https://xvideos.com/video25835725/dick_for_days_-_teen_couple_fucks_every_which_possible_way","Want Something Big?",734500,1057750,"zfc1791d.mp4","PARTIAL"
"https://xvideos.com/video30613055/russian_art_babes_share_1_cock_for_threesome_anal_sex_session","We're All Winners",200500,1101500,"hf813e3f.mp4","PARTIAL"
"http://pornhub.com/view_video.php?viewkey=1060715890","Good Old Slamming",431000,1263500,"rd1c656e.mp4","PARTIAL"
"http://pornhub.com/view_video.php?viewkey=1269059281"," Nubile Films Wednesday! Wake With Me",20000,1044250,"d184afca.mp4","PARTIAL"
"https://xvideos.com/video30057303/teen_bitch_enjoys_an_anal_run","Cute girl gets fucked in ass hole",20000,1752750,"o7e57151.mp4","FULL"
"http://pornhub.com/view_video.php?viewkey=ph56108fb827703","Fuck Between",220000,1084750,"l1fd735b.mp4","PARTIAL"
"https://xvideos.com/video27965281/18yo_alicia_tries_anal","A Hard Exam",521000,1313000,"wa3b115d.mp4","PARTIAL"
"https://xvideos.com/video38777259/girlfriend_giving_a_surprise_","The Birthday Party",9000,1338250,"z3282cc0.mp4","PARTIAL"
"https://xvideos.com/video28891157/sexy_little_teen_rides_dick","Released Tension",147000,384000,"kb25cd0f.mp4","PARTIAL"
"http://pornhub.com/view_video.php?viewkey=478038404","A Mutual Love Story",415500,1445000,"me70557f.mp4","PARTIAL"
"http://pornhub.com/view_video.php?viewkey=1694211455","Nubile Films Sunday! Alone Time",20000,763000,"gac613ea.mp4","FULL"
"https://xvideos.com/video12068897/slender_nymph_and_nasty_massage","A Horny Client",1000,351000,"z0383c75.mp4","PARTIAL"
"https://xvideos.com/video32185655/young_schoolgirl_has_her_tight_teen_pussy_ravished_by_her_bf","A Talented  Schoolgirl",32000,1268500,"pcc01919.mp4","PARTIAL"
"https://xvideos.com/video10357117/7/slim_nymph_is_amazed_with_hawt_sex","My Personal Masseur",111500,331250,"n4f8d257.mp4","PARTIAL"
"https://xvideos.com/video6541957/cute_pale_brunette","Light My Fire",9000,1592500,"ob229e00.mp4","FULL"
"https://xvideos.com/video26751385/petite_babe_amateur_wth_big_boobs_enjoys_get_giant_prick_in_mouth_till_cum","Naelya fucked in the tight ass",17500,2031000,"m6d7f6c5.mp4","FULL"
"https://xvideos.com/video29766687/horny_russian_teen_has_her_own_toys_but_begs_for_anal_sex_","Follow My Lead",18000,763000,"u9d5e3ec.mp4","PARTIAL"
"https://xvideos.com/video24422387/massage-x_-_do_redtube_it_to_xvideos_my_mary_dee_youporn_body_teen-porn","Harder Please",14500,512500,"zb2c8f24.mp4","PARTIAL"
"http://pornhub.com/view_video.php?viewkey=23514577","Let's Play a Real Game",104000,1465750,"y734cee9.mp4","FULL"
"https://xvideos.com/video30958581/shy_skinny_schoolgirl_gets_distracted_","Make My Ass Satisfied",21500,1547500,"p91cdadd.mp4","FULL"
"https://xvideos.com/video30206567/massage-x_-_loud_orgasm_caroline_on_massage_table","Hidden Agenda",50500,276750,"x7734858.mp4","PARTIAL"
"https://xvideos.com/video28141581/teenie-155-sextermedia-full","Cream My Butt",9000,1397250,"oc0866ef.mp4","PARTIAL"
"https://xvideos.com/video34553097/extrem_small_sister_want_her_first_anal_fuck_and_bro_help","Anal Hunter",24500,1046000,"m9e8c472.mp4","PARTIAL"
"https://xvideos.com/video10258165/sexy_beauty_likes_kinky_massage_a_lot","Feeding The Beaver",7000,240250,"fec6962d.mp4","PARTIAL"
"https://xvideos.com/video22811259/firstanalquest.com_-_teens_first_anal_with_a_small_tits_russian_blonde_beauty","Some Girls Like It Harder",9500,1301500,"kb622430.mp4","PARTIAL"
"https://xvideos.com/video11480083/hot_and_nasty_threesome_fucking","We Deserve A Big One",88500,322250,"w5fff7c0.mp4","PARTIAL"
"https://xvideos.com/video1649366/two_extremely_cute_teens_get_fucked_by_one_guy","Double Bed, Double The Fun",37500,234500,"bc2f64b0.mp4","PARTIAL"
"https://xvideos.com/video1853333/stunning_teens_massage_turns_into_a_blowjob","Massage Me Hard",58000,288750,"r0cc7577.mp4","PARTIAL"
"https://xvideos.com/video24890473/morning_creampie_with_his_gf","A Cheerful Wake-Up",20000,1555250,"rc575b28.mp4","FULL"
"https://xvideos.com/video7134686/russian_girl_fucking_hard","Cute And Nasty",207500,1238000,"p74bfec4.mp4","PARTIAL"
"https://xvideos.com/video1298516/girl_amateur_anal_sex","Tight Ass Fun",23500,1572750,"pb4da0ec.mp4","PARTIAL"
"https://xvideos.com/video5813600/juicy_hot_teen","High Heels Fantasy",380000,1799750,"b68d6ea5.mp4","PARTIAL"
"http://pornhub.com/view_video.php?viewkey=ph5d309073b7bba","Too Big And Too Tight",20000,1410000,"pa50fd83.mp4","FULL"
"https://xvideos.com/video35445401/stunning_teen_lesbians_evelyn_and_emily_thorne_intense_fuck_session","Toying With My Girl",607000,1027000,"g6d7c21a.mp4","PARTIAL"
"https://xvideos.com/video48005319/romantic_teen_love_with_aaliyah_leads_to_hardcore_fucking_on_the_bed","Loud And Proud",20500,244000,"fa0f44cf.mp4","PARTIAL"
"http://pornhub.com/view_video.php?viewkey=754172002","The Sure Way To Destroy A Bed",193000,1172500,"s77d76c4.mp4","PARTIAL"
"https://xvideos.com/video29808087/petite_amateur_babes_eager_to_swallow_last_drop_of_cumshot_in_hot_threesome_fuck","Let's Do Hardcore",9000,1356250,"u5a861ed.mp4","PARTIAL"
"https://xvideos.com/video11314675/4k_tiny4k_-_jenna_stretches_her_pussy_for_a_huge_dick","Sunday Tiny4k - Wet Workout",25000,419000,"xe0c300a.mp4","PARTIAL"
"https://xvideos.com/video18245485/tiny4k_-_redhead_alex_tanner_with_perky_tits_plays_with_a_sex_toy","Tiny4k Friday! Freckled Face Ginger",20500,279250,"j6d63f91.mp4","PARTIAL"
"https://xvideos.com/video28080449/teenie-153-freakyflames-full","Don't Tell Your Boss",9000,1087750,"t290d319.mp4","PARTIAL"
"https://xvideos.com/video20124679/sivia_jons_-_hot_russian_teen","Doing What Cums Naturally",717000,1336000,"x8b2809d.mp4","PARTIAL"
"https://xvideos.com/video16612451/leah_gotti_meet_leah_gotti_hd1080","Meet Leah Gotti",20000,815750,"e3e032de.mp4","FULL"
"https://xvideos.com/video26730643/little_amateur_girly_riding_cock_then_eager_to_suck_last_drop_of_cum_face","Insatiable",213000,1620250,"nc76d735.mp4","PARTIAL"
"https://xvideos.com/video10118506/astounding_gal_bonks_non-stop","Massage Creep",157000,319500,"z73b2670.mp4","PARTIAL"
"http://pornhub.com/view_video.php?viewkey=ph57efcb0adb3b3","A Sudden Guest",8500,1090500,"keebc037.mp4","PARTIAL"
"https://xvideos.com/video25599493/crazy_pretty_pigtail_sucking_stepbrother_fat_cock_so_hard_till_cumshot","Just went from school and got ass fucked",34000,1972750,"m5a301df.mp4","PARTIAL"
"https://xvideos.com/video7134987/russian_girl_fucking_lovely","Unconditional Love",395000,1190250,"n7d1c738.mp4","PARTIAL"
"http://pornhub.com/view_video.php?viewkey=ph5cd1e37e443ca","Arousing Beauty",9500,234500,"b0f539c1.mp4","PARTIAL"
"https://xvideos.com/video11860421/enjoy_this_group_sex_video_with_two_teens","The Birthday Party",20500,238000,"z3282cc0.mp4","PARTIAL"
"https://xvideos.com/video11163829/skinny_nymph_and_wicked_massage","A Hardcore Therapy",91000,273000,"lb0ede7a.mp4","PARTIAL"
"http://pornhub.com/view_video.php?viewkey=234477558","Nubile Films Saturday! Cute Together",20500,614000,"g9676814.mp4","PARTIAL"
"https://xvideos.com/video6903615/lusthd_amazing_threesome_with_lovely_european_teens","Homemade Entertainment",10500,201250,"f9d6d4cf.mp4","PARTIAL"
"https://xvideos.com/video2455155/hot_blonde_fucks_and_eats_sperm","The Winner Takes All",84000,152000,"u0cf9bb3.mp4","PARTIAL"
"https://xvideos.com/video38182521/she_decided_to_share_her_boyfriend_with_blonde_friend_","A Sudden Guest",8500,1090500,"keebc037.mp4","PARTIAL"
"https://xvideos.com/video7241492/teen_russian_chloe_blue_aka_ema_love","Lets Resume The Game",227000,1311500,"u21c738d.mp4","PARTIAL"
"https://xvideos.com/video49427613/happy_ending_massage_makes_faina_cum_real_hard_after_intense_pussy_banging","A Dirty Massage",22000,681750,"jc88332a.mp4","PARTIAL"
"http://pornhub.com/view_video.php?viewkey=ph5cbc555fd7376","Seducing Nerd Into Threesome",29000,649000,"w9efb5a6.mp4","PARTIAL"
"https://xvideos.com/video27768623/18yo_amateur_lets_bf_cum_inside_her_butt","Please My Asshole",271000,501500,"rb195969.mp4","PARTIAL"
"https://xvideos.com/video5309394/rubateen_pretty_blonde_european_teen_rubbed_and_fucked","Do Me Slowly",337000,627500,"bfe44ebf.mp4","PARTIAL"
"http://pornhub.com/view_video.php?viewkey=1658408167","Nubile Films Saturday! Dream Lovers",20500,714500,"z6bce5ec.mp4","PARTIAL"
"https://xvideos.com/video25541787/young_lolita_loves_anal_after_rimjob_to_anal_assfuck_with_big_cock_in_tiny_ass","Put It Deeper",14500,769250,"kbc26737.mp4","PARTIAL"
"http://pornhub.com/view_video.php?viewkey=ph574624fd6d3bb","Nubile Films Sunday! Alone Time",20000,763000,"gac613ea.mp4","FULL"
"http://pornhub.com/view_video.php?viewkey=ph5d29f840d70d8","Two Becomes One",0,433000,"hfdf233d.mp4","PARTIAL"
"https://xvideos.com/video26348755/small_tits_ho_loves_a_long_fuck_after_the_finger_job_in_to_her_wide_pussy","Anal Challenge",13000,621250,"m5b74c45.mp4","PARTIAL"
"https://xvideos.com/video14044685/anal_massage_scene_with_cute_oiled_up_teen_on_his_table","Ass Loving",7000,1435750,"h8633f66.mp4","PARTIAL"
"http://pornhub.com/view_video.php?viewkey=ph560454b4954b6","A Mutual Love Story",218000,1440750,"me70557f.mp4","PARTIAL"
"https://xvideos.com/video4808278/julia_analwmvhi_full_video_in_www.pornohd18.com","Anal virgin no more",20000,2006500,"m8459639.mp4","PARTIAL"
"https://xvideos.com/video33522353/18yo_student_takes_a_study_break_and_has_anal_sex_with_her_tutor","Every Pore Is Sore",45500,1005500,"i862d524.mp4","PARTIAL"
"https://xvideos.com/video26620823/young_teeny_big_tit_wonder_natural_boobies_fingered_till_squirt_hard_and_long_dog","Finger Fuck",9000,688000,"ld09982d.mp4","PARTIAL"
"https://xhamster.com/videos/naughty-teen-gets-ass-pounding-11901107","Anal Game",59000,581250,"rd117f4b.mp4","PARTIAL"
"https://xvideos.com/video3696779/beautiful_oiled_up_teen_fucked","Massage Creep",37000,334000,"z73b2670.mp4","PARTIAL"
"https://xvideos.com/video26863977/dildo_in_ass_then_get_the_cock_in_her_butthole_deep_and_loving_cum_on_her_face","The cock isn't enough",22000,1171750,"x9752bdb.mp4","PARTIAL"
"https://xvideos.com/video28080455/teenie-155-freakyflames-full","Cream My Butt",9000,1397250,"oc0866ef.mp4","PARTIAL"
"http://pornhub.com/view_video.php?viewkey=2008777011","Seducing Mr. Perfect",10000,1118500,"z611288f.mp4","PARTIAL"
"https://xvideos.com/video4816116/big_cock_is_what_tracy_lyons_wants_in_her_mouth_and_pussy","Naelya loves intense fucking",123000,291750,"z073098b.mp4","PARTIAL"
"https://xvideos.com/video15636107/19/exotic_asian_girl_gets_a_massage","Please MÑƒ Kitty",7000,189250,"m8b908b9.mp4","PARTIAL"
"https://xvideos.com/video27258655/joanna_has_her_perfect_teen_booty_rocked","No Mercy For Your Ass",68000,1016250,"ydd9b4e2.mp4","PARTIAL"
"http://pornhub.com/view_video.php?viewkey=ph597955d50e65e","Sex Beast Lover",8500,1355000,"seb09247.mp4","PARTIAL"
"http://pornhub.com/view_video.php?viewkey=2130282273"," Nubile Films Wednesday! Wake With Me",20000,1044250,"d184afca.mp4","PARTIAL"
"http://pornhub.com/view_video.php?viewkey=ph5be07e0f930e0","Nubile Films Sunday! My Model",156000,1198000,"z3437836.mp4","PARTIAL"
"https://xvideos.com/video25369725/beautiful_tiny_teen_bitch_fucked_anal_and_hot_very_deep_in_all_holes","No Mercy For Your Ass",55500,1004000,"ydd9b4e2.mp4","PARTIAL"
"https://xvideos.com/video33975683/bored_guy_looking_for_dirty_sexy_fun_","Blondie Pussy Wants More",7500,1098000,"v85e69ce.mp4","PARTIAL"
"https://xvideos.com/video26014389/tiny_slim_amateur_teen_cunt_ravaged_wet_tight_pussy_by_big_fat_hard_dick","Cream My Butt",14500,1182750,"oc0866ef.mp4","PARTIAL"
"https://xvideos.com/video32206123/teenydates-teeny-72","I Like It Rough",165000,1423500,"jb6a6fc4.mp4","FULL"
"https://xvideos.com/video49355955/doggy_style_loving_teen_riley_gets_her_multiple_orgasms_from_deep_fucking","Back To The Basics",20000,140500,"h993c9ae.mp4","PARTIAL"
"https://xvideos.com/video14561891/russian_teen_nympho_taissia_shanti_takes_huge_cock_in_her_ass","Be Kind To Me",590000,1373500,"c8ad84f8.mp4","PARTIAL"
"https://xvideos.com/video31346505/girlfriend_loves_an_afternoon_balls_deep_fuck_session","A Willing Volunteer",22500,1065250,"f7c5fad4.mp4","PARTIAL"
"https://xvideos.com/video7473157/malena_morgan_extrema_lesb_action","Nubile Films Sunday! My Model",21000,1264000,"z3437836.mp4","PARTIAL"
"http://pornhub.com/view_video.php?viewkey=2104127535","Being Out of Control",6000,679000,"p9664423.mp4","PARTIAL"
"https://xvideos.com/video26590339/big_facial_after_assfuck_for_tiny_stepsisters_tight_butt_hole_and_pussy_get_fucked","Blonde girlfriend fucked in the ass",26500,1795000,"yea5bbec.mp4","FULL"
"https://xvideos.com/video45507467/it_excites_her_hairy_cunt_and_that_ass_to_fuck_until_you_get_inside","Ass Power",9000,1244500,"ga3207ef.mp4","PARTIAL"
"http://pornhub.com/view_video.php?viewkey=ph5cb4e2e63a41a","Sleepover Fee",11500,583250,"dee21cc4.mp4","PARTIAL"
"https://xvideos.com/video34733785/teen_nympho_olivia_grace_gets_that_pussy_and_asshole_smashed","You're My Property",189500,917750,"cfdaa9d3.mp4","PARTIAL"
"https://xvideos.com/video31284465/young_teen_in_pigtails_drains_a_dick","A Naughty Daughter",33500,1427250,"sb1c86f6.mp4","PARTIAL"
"http://pornhub.com/view_video.php?viewkey=ph5d3b0d56e1c16","No Boys Allowed",0,433500,"v8ad25cb.mp4","PARTIAL"
"https://xvideos.com/video33043339/a_penis_in_paradise_-_3_teen_babes_ass_fucked_by_1_guy","This Is Real",197000,745500,"e712036b.mp4","PARTIAL"
"http://pornhub.com/view_video.php?viewkey=ph5cb4d9454f1c7","Cum Lovers",33000,610500,"x3bd0bb9.mp4","PARTIAL"
"https://xvideos.com/video29375961/hott1","High Heels Fantasy",380500,1799500,"b68d6ea5.mp4","PARTIAL"
"https://xvideos.com/video25611045/massage-x_-_do_youporn_what_xvideos_you_margarita_c_peachy_redtube_teen_porn","Take Me For A Spin",68500,246000,"u8f3152b.mp4","PARTIAL"
"https://xvideos.com/video12487919/good_massage_turns_into_a_mesmerizing_action_with_cute_teen_gabi","Got The Magic Touch",25000,1329250,"eb455d0a.mp4","FULL"
"http://pornhub.com/view_video.php?viewkey=ph5b639b94024dc","This Is Real",201500,1403500,"e712036b.mp4","PARTIAL"
"https://xvideos.com/video22808813/firstanalquest.com_-_best_anal_sex_is_erotic_with_a_gorgeous_brunette_teen","Ass Demolition",10500,1218750,"uf11f5ae.mp4","PARTIAL"
"https://xvideos.com/video21967717/petite_teen_babe_gets_fucked","A Cheerful Wake-Up",345000,509750,"rc575b28.mp4","PARTIAL"
"http://pornhub.com/view_video.php?viewkey=1208191742","You Want Me To Put It In?",806500,1237000,"nfa9997a.mp4","PARTIAL"
"https://xvideos.com/video25977279/love_my_young_tight_amateur_ass_and_jizz_on_it_so_watch_me_fuck_stepbrothers_cock","Anal Challenge",13000,621250,"m5b74c45.mp4","PARTIAL"
"https://xvideos.com/video25771759/evelina_darling_slammed_by_massaure","Let Me Hear You Moan",112500,321750,"f19c85e2.mp4","PARTIAL"
"https://xvideos.com/video34709695/college_teen_olivia_grace_goes_wild_for_1st_time_anal_fuck","Interactive Game",21000,1017000,"y7b53366.mp4","PARTIAL"
"https://xvideos.com/video24850883/she_made_us_lesbians_-_i_started_with_jenya_is_tits","I'm Staying Tonight",118000,259750,"zf1ece7b.mp4","PARTIAL"
"https://xvideos.com/video26490587/anal_long_ass_sex_for_pretty_petite_young_amateur_stepsister_teen_in_tight_ass","Piece of ass",21500,1857000,"o2818dcb.mp4","PARTIAL"
"https://xvideos.com/video6665700/best_morning_ever","Fucked In The Ass, Squirted In The Pussy",20000,170000,"xa254a4e.mp4","PARTIAL"
"https://xvideos.com/video42458735/THUMBNUM/young_girls_help_each_other","I Crave Your Cave",38000,1588000,"u44b44b2.mp4","FULL"
"https://xvideos.com/video27369899/please..._be_nice_and_don_t_hurt_me_","Lets Resume The Game",229500,1314500,"u21c738d.mp4","PARTIAL"
"https://xvideos.com/video19123305/lingerie_porn","Pleasure And Pain",64500,587750,"i6c6a3f2.mp4","PARTIAL"
"https://xvideos.com/video19146699/tiny_little_girl","Nailed Hard & Deep",103500,530000,"s09ef7bf.mp4","PARTIAL"
"https://xvideos.com/video26490657/skinny_assfucked_amateur_young_tiny_teen_splashed_by_big_cock_and_cumshot","Getting Slamed Hard",22000,1555500,"ra50f327.mp4","PARTIAL"
"http://pornhub.com/view_video.php?viewkey=ph56524565b1547","Let's Take a Ride!",20000,811750,"veb2dbf1.mp4","FULL"
"https://xvideos.com/video6297051/delighting_a_shaft_with_irrumation","Let's Play a Real Game",19500,225000,"y734cee9.mp4","PARTIAL"
"https://xvideos.com/video37451537/teen_newcomer_faina_gets_pussy_fingered_and_fucked_by_massage_therapist","A Dirty Massage",33000,1199250,"jc88332a.mp4","PARTIAL"
"https://xvideos.com/video37589295/two_bestfriends_fucking_with_lucky_guy_","Playing Hard",10000,1265750,"x99cf347.mp4","PARTIAL"
"https://xvideos.com/video25317101/pretty_gal_tiny_titted_teen_with_great_juicy_cunt_and_dildo_waiting_to_be_fucked","Girs Love To Suck",17500,1194750,"m2db28ae.mp4","PARTIAL"
"https://xvideos.com/video27275709/anabela_has_her_tight_teen_asshole_ripped_apart","Move To Another Task",63500,1278750,"y47bb81b.mp4","PARTIAL"
"https://xvideos.com/video10346059/fantastic_gal_bonks_non-stop","Ass Loving",6000,319500,"h8633f66.mp4","PARTIAL"
"http://pornhub.com/view_video.php?viewkey=ph5cff796f50f2f","Help Is On The Way",20000,2872000,"d4b2c00d.mp4","FULL"
"https://xvideos.com/video29080139/extra_slutty_russian_babe_sucks_and_fucks_for_fun","Let's Fuck",240000,877750,"z2a8f609.mp4","PARTIAL"
"https://xvideos.com/video18964585/slim_tall_teen_gets_fucked_hard","Massage Me Hard",10000,304000,"r0cc7577.mp4","PARTIAL"
"https://xvideos.com/video27469745/2086-0030-teenie-anal-evelyn-20-video-1080p_1","Make My Ass Satisfied",23000,1548500,"p91cdadd.mp4","PARTIAL"
"http://pornhub.com/view_video.php?viewkey=ph5d19e2379e317","Share The Love",20000,1951750,"y8d307ab.mp4","FULL"
"https://xvideos.com/video27099091/bro_caught_petite_step-sister_with_toy_in_ass_and_fuck_anal","Put It Deeper",220500,614000,"kbc26737.mp4","PARTIAL"
"https://xvideos.com/video26320881/blondie_with_small_boobs_get_cunt_licked_then_ass_fucked_by_monster_cock","Tight Becomes A Wide",333000,770500,"sf53d069.mp4","PARTIAL"
"http://pornhub.com/view_video.php?viewkey=994495535","Nubile Films Tuesday! Playtime",20000,1029250,"d4640033.mp4","PARTIAL"
"http://pornhub.com/view_video.php?viewkey=1735216458","I Am Ready To Get Off",8500,1681750,"pde90cd0.mp4","PARTIAL"
"http://pornhub.com/view_video.php?viewkey=ph5cc7944b7db5e","Gorgeous in Red",51500,877750,"l21a8099.mp4","PARTIAL"
"https://xvideos.com/video4647847/massage_small_tit_babe_hardcore_fucked_and_cant_get_enough","Massage Creep",105000,497500,"z73b2670.mp4","PARTIAL"
"https://xvideos.com/video43689315/the_brother_looks_after_the_desperate_daughters_of_his_cock_pleasing_them","A Surprise Visit",7500,1598000,"mdc1d6a2.mp4","FULL"
"https://xvideos.com/video36907367/tiny_beauty_teen_fucked_-_teenxxvideos.com","Doing The Nasty",114500,2551250,"j49b6de6.mp4","PARTIAL"
"https://xvideos.com/video28196711/151-sextermedia","Too Hot In My Bedroom Today",9000,1243500,"z15c4a6d.mp4","PARTIAL"
"http://pornhub.com/view_video.php?viewkey=ph59540e66475be","Perfect Way To Kill Time",426500,660500,"j1a8dc8e.mp4","PARTIAL"
"http://pornhub.com/view_video.php?viewkey=ph5cb5fade49bf8","A Date With Herself",10000,671500,"z032c309.mp4","PARTIAL"
"https://xvideos.com/video6734958/slippery_moist_spooning_session","Cream My Twat",46000,305250,"w2b9ae94.mp4","PARTIAL"
"https://xvideos.com/video9121918/francheska_s_bad_influence","Let's Do Hardcore",129000,203500,"u5a861ed.mp4","PARTIAL"
"https://xvideos.com/video5216941/deflowered_teenagers_2_scene_3","A Sudden Guest",190000,1040000,"keebc037.mp4","PARTIAL"
"http://pornhub.com/view_video.php?viewkey=ph5c2b28a97607f","First Time Sex On Camera",20500,1892000,"a1ea405d.mp4","FULL"
"https://xvideos.com/video21432395/teen_with_perfect_ass_loves_anal","Passing An Exam Easily",221500,1513750,"tb343d09.mp4","PARTIAL"
"http://pornhub.com/view_video.php?viewkey=ph5cbca717e5cba","Vision",32000,481250,"w1a06fca.mp4","PARTIAL"
"https://xvideos.com/video13972855/hardcore_anal_sex_with_an_adorable_teen_sweetheart","Trust Me",66500,709250,"j6efeb5e.mp4","PARTIAL"
"https://xvideos.com/video27294859/18yo_amateur_gets_nailed_in_her_sexy_booty","Spoil Me",45500,1384000,"l021edc3.mp4","PARTIAL"
"https://xvideos.com/video14158561/peachy_boy_girl","Tower Of Power",234500,1490000,"y3190cf4.mp4","PARTIAL"
"https://xvideos.com/video35333081/olivia_grace_getting_a_romantic_anal_from_her_bf","Pump My Rump",215000,985250,"jefc2c59.mp4","PARTIAL"
"https://xvideos.com/video36076815/gracious_redhead_janna_discovers_the_art_of_sex","It's Human Nature",209500,1281250,"yb182822.mp4","PARTIAL"
"https://xvideos.com/video6545326/young_russian_girl_fucked","Digging In The Right Place",161500,1547000,"d19342d5.mp4","PARTIAL"
"http://pornhub.com/view_video.php?viewkey=ph5b6f01fcabd57","Draining All My Power",20000,1036750,"z7dc21d2.mp4","FULL"
"https://xvideos.com/video21269813/novinha_linda_dando_o_cuzinho","All Or Nothing",218500,456750,"he7b8ab7.mp4","PARTIAL"
"http://pornhub.com/view_video.php?viewkey=428192657","Kitchen gadget",15000,931000,"n36ccde7.mp4","PARTIAL"
"https://xvideos.com/video31456913/jade_sits_her_perfect_teen_booty_down_on_her_mans_dick","Hardcore Splash",32000,1086500,"t9a845c0.mp4","PARTIAL"
"http://pornhub.com/view_video.php?viewkey=ph5cb99a9014d0f","Slam My Puffy Pussy",20000,1325750,"t1a37c63.mp4","FULL"
"http://pornhub.com/view_video.php?viewkey=949131115","Caught & Punished",112000,1042500,"kc545322.mp4","PARTIAL"
"https://xvideos.com/video6116718/teen_babe_gets_fucked_with_creampie_ending","Cream My Twat",331000,540750,"w2b9ae94.mp4","PARTIAL"
"https://xvideos.com/video23058629/perfect_teen_sheri_vi_gets_fucked","I Got The Urge",286500,534000,"hb9236a0.mp4","PARTIAL"
"http://pornhub.com/view_video.php?viewkey=ph5a85c29219412","Massage Me Hard",20000,1643750,"r0cc7577.mp4","FULL"
"https://xvideos.com/video35348769/kitana_lure_shelby_and_sheri_vi_share_a_dude_in_an_anal_orgy","This Is Real",197000,745750,"e712036b.mp4","PARTIAL"
"https://xvideos.com/video37451559/sexy_teen_amanda_gets_her_ass_fucked_until_she_creams","Digging In The Right Place",108500,912500,"d19342d5.mp4","PARTIAL"
"http://pornhub.com/view_video.php?viewkey=ph5d363edf65227","Ballerina's Dream",22500,1598250,"p29408e7.mp4","FULL"
"https://xvideos.com/video32977125/skinny_blonde_girl_sucking_boyfriends_big_dick_","Nailed Hard & Deep",23500,989750,"s09ef7bf.mp4","PARTIAL"
"http://pornhub.com/view_video.php?viewkey=ph5d2d2a0a798e4","Blonde Angel",28500,464750,"o37d63f8.mp4","PARTIAL"
"https://xvideos.com/video4612000/massage_babe_fingered_while_sucking_dick","Massage Creep",121000,555750,"z73b2670.mp4","PARTIAL"
"https://xvideos.com/video5135909/delighting_a_huge_male_rod","Moaning In The Morning",29000,287750,"ta54ce3b.mp4","PARTIAL"
"https://xvideos.com/video24382789/THUMBNUM/massage_table_cock_-_grace_c_-_trickymasseur","Harder Please",12500,237250,"zb2c8f24.mp4","PARTIAL"
"http://pornhub.com/view_video.php?viewkey=ph5951cc634d99d","I Got The Key",242000,1266250,"b373a182.mp4","PARTIAL"
"http://pornhub.com/view_video.php?viewkey=ph5603398f98327","Nubile Films Saturday! Dream Lovers",20500,1161750,"z6bce5ec.mp4","FULL"
"http://pornhub.com/view_video.php?viewkey=1530964761","Nubile Films Sunday! My Model",21500,1014750,"z3437836.mp4","PARTIAL"
"https://xvideos.com/video26227377/asslicked_tiny_slim_daughter_getting_ass_fuck_by_not_her_brother_she_is_lolita","I Love It Anally",8000,1293000,"xe075c1e.mp4","PARTIAL"
"http://pornhub.com/view_video.php?viewkey=ph5d355e95c760e","Get Hard Inside Me",20000,1017000,"n6944739.mp4","FULL"
"https://xvideos.com/video26668449/assfuck_for_big_pussy_lips_stepsister_amateur_teen_fucked_in_ass_cunt_and_facial","Fucked In The Ass, Squirted In The Pussy",0,1562250,"xa254a4e.mp4","PARTIAL"
"https://xvideos.com/video32185823/young_student_takes_a_study_break_to_suck_off_her_bf","Let's Prepare For Your Exam",259000,844500,"zc2fa9df.mp4","PARTIAL"
"https://xvideos.com/video22810083/firstanalquest.com_-_threesome_anal_with_cute_russian_teen_dania_in_lingerie","Double Penetration Addict",10000,1961250,"recc093c.mp4","PARTIAL"
"http://pornhub.com/view_video.php?viewkey=ph5cf6cd7916a49","With My Girl",48000,431500,"e702e94a.mp4","PARTIAL"
"https://xvideos.com/video23855022/18_virgin_sex_-_jordan_experiences_hardcore_sex","Take It Or Leave It",112500,258000,"e11b9cb3.mp4","PARTIAL"
"http://pornhub.com/view_video.php?viewkey=ph5cb4dba60bf55","Curing Sex Addict",46500,620750,"wc43ce8f.mp4","PARTIAL"
"https://xvideos.com/video7139312/blonde_russian_teen_taking_two_dicks","Let's Make It Double",160000,221000,"r9ee8ac7.mp4","PARTIAL"
"https://xvideos.com/video25491551/wonderful_young_teenie_lolita_has_cock_in_her_tight_shaved_pussy_fuck_her_deep","Bedroom adventures",392500,1170500,"t0f40cf5.mp4","PARTIAL"
"http://pornhub.com/view_video.php?viewkey=1687019799","I Want It All",10000,1456000,"u188d3cb.mp4","PARTIAL"
"http://pornhub.com/view_video.php?viewkey=ph5a41ba4910192","Only Have To Ask",20500,1500000,"u40812d5.mp4","FULL"
"https://xvideos.com/video26872689/tight_stepsister_cunt_taken_hard_then_assfuck_in_her_grils_room_for_cumshot","Like a wet doll",23000,1655000,"nc916c1d.mp4","FULL"
"https://xvideos.com/video24581451/euro_teen_erotica-elegant_russian_babes_share_one_cock","Two Is Better Than One",374500,563500,"ya91fd8d.mp4","PARTIAL"
"http://pornhub.com/view_video.php?viewkey=ph5bf86a4603dd1","Nubile Films Saturday! Cute Together",20500,1312000,"g9676814.mp4","FULL"
"https://xvideos.com/video15997871/pantyhose_yoga","Strip Fitness Master Class",20500,1185750,"y0861f3d.mp4","FULL"
"https://xvideos.com/video9843445/two_teen_hotties_got_nothing_to_do_but_fuck_the_day_away","Perverts Are Welcome In Here",243500,341500,"n5c60997.mp4","PARTIAL"
"https://xvideos.com/video33771595/magical_russian_teens_engage_in_anal_threesome","Our Kind Of Fun",11500,1090500,"u6abeff0.mp4","PARTIAL"
"https://xvideos.com/video5873050/2_teen_babe_gets_fucked_in_the_ass_and_drink_sperm","Let's Do Hardcore",385500,595000,"u5a861ed.mp4","PARTIAL"
"https://xvideos.com/video26722905/anal_hardcore_and_cum_swallow_for_18yo_brunette_teen","Schoolgirl Machiko fucked hard",42000,1562000,"ud0b8963.mp4","FULL"
"https://xvideos.com/video25821075/very_petite_ten_lolita_getting_all_the_cock_rammed_in_her_pussy","Bedroom adventures",392500,1170500,"t0f40cf5.mp4","PARTIAL"
"https://xvideos.com/video6375724/cutie_has_tit_massage_and_crazy_fuck","Massage Me Hard",70000,175500,"r0cc7577.mp4","PARTIAL"
"http://pornhub.com/view_video.php?viewkey=ph5d2e3b3a237d2","Cock Addicts",172000,384000,"tbfd5f76.mp4","PARTIAL"
"https://xvideos.com/video33394127/absolute_stunning_teen_lesbians_eating_primo_pussy","I Got The Key",227000,1263750,"b373a182.mp4","PARTIAL"
"https://xvideos.com/video11322797/dusya_and_sveta_threesome_fucking_action","A Surprise Visit",7500,234250,"mdc1d6a2.mp4","PARTIAL"
"https://xvideos.com/video13952787/catania_fucked","My Best Fuck This Year",218000,1415250,"d3f5b236.mp4","PARTIAL"
"https://xvideos.com/video7878363/lily_-_teen_sex_video","Put It Harder",8000,617000,"o33bfb29.mp4","PARTIAL"
"http://pornhub.com/view_video.php?viewkey=ph5a85b67f6800a","Sex Beast Lover",20000,1555750,"seb09247.mp4","FULL"
"http://pornhub.com/view_video.php?viewkey=1154195682","When Girls Attack",418000,651750,"r4d3dd0c.mp4","PARTIAL"
"https://xvideos.com/video25737215/flat_chested_lolita_bitch_anal_fucked_deep_and_in_all_holes_till_cumshot","Anal Challenge",13000,1423750,"m5b74c45.mp4","PARTIAL"
"http://pornhub.com/view_video.php?viewkey=1872858581","A Sudden Guest",8500,1090750,"keebc037.mp4","PARTIAL"
"https://xvideos.com/video20583155/lick_me_then_fuck_me_right","I'll Never Let You Go",820000,1503000,"u52d8c7a.mp4","PARTIAL"
"http://pornhub.com/view_video.php?viewkey=ph58253513a4a9e","Lazy Days In The Sun",32000,66500,"i3572643.mp4","PARTIAL"
"http://pornhub.com/view_video.php?viewkey=1916935927","Let's Prepare For Your Exam",236000,1202000,"zc2fa9df.mp4","PARTIAL"
"https://xvideos.com/video26170005/hard_long_stiff_cock_in_tight_anal_fuckhole_of_young_lolitas_ass_she_desired_it","Blonde girlfriend fucked in the ass",32000,1800500,"yea5bbec.mp4","FULL"
"http://pornhub.com/view_video.php?viewkey=ph5d20822dc924e","An Ardent Interconnection",1703000,1794250,"uab36a35.mp4","PARTIAL"
"http://pornhub.com/view_video.php?viewkey=ph5981169e2242d","Discover New Feelings",198000,2530250,"p2706909.mp4","PARTIAL"
"https://xvideos.com/video35215015/chemistry_exam_leads_to_a_wild_anal_and_oral_with_sheri_v","Pleasure And Pain",178500,996750,"i6c6a3f2.mp4","PARTIAL"
"http://pornhub.com/view_video.php?viewkey=ph5b87fb2d9ae66","American Guest. In Full Swing",12500,269000,"lc3d8c28.mp4","PARTIAL"
"https://xvideos.com/video38020215/horny_girlfriend_shares_boyfriend_with_friend_","A Horny Company",5000,1333000,"q44d415e.mp4","PARTIAL"
"https://xvideos.com/video11052405/wild_fuck_and_deep-throat_oral-job","A Horny Client",10000,415250,"z0383c75.mp4","PARTIAL"
"https://xvideos.com/video26218553/slutty_teen_roommates_hardcore_fuck_a_monster_cock","A Sudden Guest",30500,1340250,"keebc037.mp4","PARTIAL"
"http://pornhub.com/view_video.php?viewkey=1266883155","Exotic Candy",8000,1335750,"v4a87103.mp4","PARTIAL"
"https://xvideos.com/video26411391/anal_fuck_with_both_dildo_and_dick_leaves_blondy_s_asshole_super_wide","I Love It Anally",13500,1093500,"xe075c1e.mp4","PARTIAL"
"https://xvideos.com/video13066179/girlie_is_in_love_with_vehement_fuck","Massage Therapy",81000,301250,"db8a44ca.mp4","PARTIAL"
"http://pornhub.com/view_video.php?viewkey=ph58bc23b0d6fc1","I Can't Wait No More...",370000,752250,"ee9736d6.mp4","PARTIAL"
"https://xvideos.com/video7335139/amanda","A Tasty Treat",7000,1575250,"n913525f.mp4","PARTIAL"
"http://pornhub.com/view_video.php?viewkey=ph5d1b2ab93ac3c","American Guest. A Model's Life",20000,923750,"v08296bf.mp4","PARTIAL"
"https://xvideos.com/video38564697/bored_friends_seduced_by_hot_guy_","Let's Do Hardcore",8000,1355250,"u5a861ed.mp4","PARTIAL"
"https://xvideos.com/video10378106/4k_hd_-_tiny4k_busty_jenna_ross_bounces_tight_pussy_on_big_coc","Sunday Tiny4k - Wet Workout",25000,751000,"xe0c300a.mp4","PARTIAL"
"http://pornhub.com/view_video.php?viewkey=ph5cb82d9544719","Sharing Is Caring",109500,482750,"ma772cd8.mp4","PARTIAL"
"http://pornhub.com/view_video.php?viewkey=1396309081","A Shy Porn Starlet",20000,1547750,"wc94e225.mp4","FULL"
"https://xvideos.com/video43625813/linda_daughter_of_dad_who_also_gives_her_private_lessons","Anal Challenge",7500,1418250,"m5b74c45.mp4","PARTIAL"
"http://pornhub.com/view_video.php?viewkey=89656524","American Guest. A Model's Life",12000,480000,"v08296bf.mp4","PARTIAL"
"http://pornhub.com/view_video.php?viewkey=ph5811e8415b3d0","Used And Abused",36500,653000,"wf63166f.mp4","PARTIAL"
"https://xvideos.com/video5414636/plowing_a_chaste_juvenile_twat","A Naughty Daughter",6000,274250,"sb1c86f6.mp4","PARTIAL"
"http://pornhub.com/view_video.php?viewkey=ph5a41ba495c8c7","You're Next",20000,1564000,"z5f33347.mp4","FULL"
"http://pornhub.com/view_video.php?viewkey=773978548","Nubile Films Saturday! Cute Together",16000,1287500,"g9676814.mp4","FULL"
"http://pornhub.com/view_video.php?viewkey=ph5cbb52f871d79","Mirror Of Your Paradise",37500,624000,"vab6e066.mp4","PARTIAL"
"https://xvideos.com/video33160159/ultra_fit_purple_haired_teen_gets_her_tight_pussy_fucked_proper.","Face To Face",24500,893750,"b44cf2b6.mp4","PARTIAL"
"https://xvideos.com/video35332949/sheri_vi_masturbates_in_bed_1st_thing_in_the_morning","I Need You Home",25000,631000,"j18f508b.mp4","PARTIAL"
"https://xvideos.com/video5264897/young_blonde_fuck_after_charging","The Winner Takes All",138000,360250,"u0cf9bb3.mp4","PARTIAL"
"http://pornhub.com/view_video.php?viewkey=ph5cf6caafedc78","You're The Boss!",38500,580750,"i821ec26.mp4","PARTIAL"
"https://xvideos.com/video9756501/two_sexy_ass_schoolgirls_begging_for_cock","Easy Girls Are My Favorite",7000,318250,"x1ce855d.mp4","PARTIAL"
"https://xvideos.com/video26830597/brunette_stepsis_loving_the_facial_so_much_when_she_had_been_fucked_hard_long","You Can't Escape My Love",12500,1508000,"xa5226b5.mp4","FULL"
"https://xvideos.com/video11645575/sweet_massage","A Dirty Massage",78500,1390250,"jc88332a.mp4","PARTIAL"
"http://pornhub.com/view_video.php?viewkey=ph5cb442afb3edf","Gone Fishing",169500,571500,"w43a5548.mp4","PARTIAL"
"https://xhamster.com/videos/teen-codie-4138482","Nothing Compares To This",5500,1157000,"n11c01c9.mp4","PARTIAL"
"https://xvideos.com/video23288845/firstanalquest.com_-_butt_fucking_his_teen_girlfriend_on_the_kitchen_table","I Drive A Manual Stick",6000,1214000,"gf7a8179.mp4","PARTIAL"
"https://xvideos.com/video44390665/lesbian_scene_anal_orgasm_with_the_dildo_licks_the_sperm_until_the_last_drop","Lesbian Ride",208500,1258750,"ze15d0bd.mp4","PARTIAL"
"https://xvideos.com/video26637085/both_ladies_give_him_anal_sex_too","We're All Winners",40500,265750,"hf813e3f.mp4","PARTIAL"
"https://xvideos.com/video2162419/4/stunning_teen_lesbians_sensually_licking_pussy_on_bed","Discover New Feelings",38000,253250,"p2706909.mp4","PARTIAL"
"https://xvideos.com/video25703007/young_russian_blonde_girl_fucking_anal","I Want Your A Big One",8500,1065750,"x5d3a32b.mp4","PARTIAL"
"https://xvideos.com/video25999615/a_fat_cock_being_pushed_in_her_tight_asshole_the_sexy_teenie_can_not_avoid","Blonde girlfriend fucked in the ass",32000,642500,"yea5bbec.mp4","PARTIAL"
"https://xvideos.com/video10357058/sporty_nymph_and_wicked_massage","A Horny Client",1000,329500,"z0383c75.mp4","PARTIAL"
"http://pornhub.com/view_video.php?viewkey=ph5d251f75662e3","Nerd Gets Fuck Of A Lifetime",27500,611000,"w39a62dc.mp4","PARTIAL"
"https://xvideos.com/video30208731/whats_her_name","Put It Harder",87000,310000,"o33bfb29.mp4","PARTIAL"
"https://xvideos.com/video12908829/nerdy_looking_cute_russian_teen_gets_creampie","I Gushed Again!",20000,1451750,"t24b8482.mp4","FULL"
"https://xvideos.com/video28141577/teenie-253-sextermedia-full","A Sudden Guest",9000,1092500,"keebc037.mp4","PARTIAL"
"https://xvideos.com/video10309861/slim_nymph_adores_perverted_sex_a_lot","A Protein Injection For Gerda",166500,348250,"n9880a29.mp4","PARTIAL"
"https://xvideos.com/video25167777/russian_threesome_-_more_videos_at_www.hotcutie.club","Cock Addicts",29000,248750,"tbfd5f76.mp4","PARTIAL"
"https://xhamster.com/videos/athletic-babe-gets-her-cunt-licked-by-her-guy-in-bed-3758409","Load My Mouth",8000,606750,"vdab1e56.mp4","PARTIAL"
"http://pornhub.com/view_video.php?viewkey=ph5719de13d1d35","I'll Never Let You Go",708000,898000,"u52d8c7a.mp4","PARTIAL"
"https://xvideos.com/video25313765/taught_to_take_it_deep_in_ass_this_young_tight_teen_pussy_sucks_and_fucks_cocks","Tight Becomes A Wide",333000,770500,"sf53d069.mp4","PARTIAL"
"https://xvideos.com/video11081928/hd_fantasyhd_-_alice_march_has_wild_outdoor_sex","Fantasy HD Friday! Camping Fun.",149500,653000,"yeb201ab.mp4","PARTIAL"
"https://xvideos.com/video24467759/29/massage_table_cock_-_grace_c","Harder Please",9000,212750,"zb2c8f24.mp4","PARTIAL"
"https://xvideos.com/video28102487/babysitter_touch_the_cock_and_cant_stop_fucking_until_swallow_loads_of_cum","Twisted",97500,1163000,"s1243868.mp4","PARTIAL"
"https://xvideos.com/video38363587/sexy_blonde_fucked_by_two_guys_","Your Backdoor Is Open!",9000,1349500,"h5cfbd09.mp4","PARTIAL"
"https://xvideos.com/video31222091/dude_show_to_teen_friends_secrget_of_big_cock_in_tight_pussy","A Sudden Guest",14000,443500,"keebc037.mp4","PARTIAL"
"http://pornhub.com/view_video.php?viewkey=ph5d2295c4ccf41","Meet Ruslana",20000,130750,"bb9d8345.mp4","PARTIAL"
"https://xvideos.com/video5439836/delighting_a_wild_rod","My Neighbor is Insatiable!",7500,268500,"oe694dc4.mp4","PARTIAL"
"https://xvideos.com/video35444561/extremely_horny_teen_avery_gets_her_backdoor_fucked_deeply","An Anal Challenge",141750,1192000,"wd654736.mp4","PARTIAL"
"http://pornhub.com/view_video.php?viewkey=ph5c17898bec223","Interview with Naomi Woods",20000,760000,"w15d7b6b.mp4","FULL"
"http://pornhub.com/view_video.php?viewkey=ph564274896c599","Invites Only 4K Version",149750,488500,"a30f2b81.mp4","PARTIAL"
"https://xvideos.com/video8827698/hannah_full_clip","Some Girls Like It Harder",20000,1479750,"kb622430.mp4","FULL"
"http://pornhub.com/view_video.php?viewkey=ph5cbd85d1549dc","Defiled And Loving It",195500,1800000,"d8548826.mp4","PARTIAL"
"https://xvideos.com/video29530777/teen_luxury_escort_sabrina_moor_gives_up_her_ass_for_anal","Love Hurts?",193000,889250,"gdc2ce2d.mp4","PARTIAL"
"https://xvideos.com/video10244728/playgirl_can_t_live_without_making_blowjobs_a_lot","Ass Loving",49500,288250,"h8633f66.mp4","PARTIAL"
"https://xvideos.com/video31715815/big_tits_blonde_masturbating_and_taking_big_hot_dick_","Naelya fucked in the tight ass",20000,2033500,"m6d7f6c5.mp4","FULL"
"http://pornhub.com/view_video.php?viewkey=ph5d113a92ef73f","On My Way To Orgasm",10000,78750,"df7f70af.mp4","PARTIAL"
"https://xvideos.com/video6910352/teen_cutie_gets_fucked_and_facialized","Meet Insatiable Raphaella",149500,372250,"w77ee744.mp4","PARTIAL"
"https://xvideos.com/video22583389/demida","A Mutual Love Story",222500,1445000,"me70557f.mp4","PARTIAL"
"https://xvideos.com/video8720927/oral-stimulation_and_pussy_licking","Moaning In The Morning",9000,286000,"ta54ce3b.mp4","PARTIAL"
"http://pornhub.com/view_video.php?viewkey=ph5654a5dfec053","Caught & Punished",93500,564250,"kc545322.mp4","PARTIAL"
"https://xvideos.com/video14233493/liona_art_sex","Most Likely, I Will Like It!",456000,1157000,"jeefebdb.mp4","PARTIAL"
"http://pornhub.com/view_video.php?viewkey=108112713","The Sure Way To Destroy A Bed",180500,448500,"s77d76c4.mp4","PARTIAL"
"http://pornhub.com/view_video.php?viewkey=1532982084","Kitchen gadget",20000,903500,"n36ccde7.mp4","FULL"
"http://pornhub.com/view_video.php?viewkey=ph5ce18a64aca0f","Free Entry",7500,1806750,"vbaeaada.mp4","PARTIAL"
"https://xvideos.com/video25568323/anal_fuck_stepbrother_a_tight_petite_lolita_sexy_teen_with_fuckhole_stuffed_cock","She took it into her mouth, then in pussy and finally in the ass",28000,1549000,"m7d9dcaa.mp4","PARTIAL"
"https://xvideos.com/video26832993/2106-0015-teenie-classic-valentina-video_1","Cheerleader",28000,1214500,"ka36d4b4.mp4","PARTIAL"
"https://xvideos.com/video31183907/innocent_student_and_anal_sex_teacher","Getting Hammered",15000,1131250,"gb5a0883.mp4","PARTIAL"
"https://xvideos.com/video26243149/tiny_asian_fuckhole_teen_blowjob_before_big_pussy_fucking_by_stepbrother","Hardcore Splash",8500,1471750,"t9a845c0.mp4","PARTIAL"
"http://pornhub.com/view_video.php?viewkey=ph5a415f3cb4e44","A Beefy Present",20000,1491750,"f89805b8.mp4","FULL"
"https://xvideos.com/video23446788/hottest_lesbian_threesome"," Nubile Films Wednesday! Wake With Me",20000,737750,"d184afca.mp4","PARTIAL"
"http://pornhub.com/view_video.php?viewkey=ph5cb4d30f8a4ea","Boyfriend To Share",117000,508750,"x6116f6c.mp4","PARTIAL"
"https://xvideos.com/video37886765/the_woman_in_the_middle","The woman in the middle",20000,1155750,"m52b2c71.mp4","PARTIAL"
"http://pornhub.com/view_video.php?viewkey=ph579b57ce2ddd4","I Got The Key",834000,1273000,"b373a182.mp4","PARTIAL"
"https://xvideos.com/video24920383/pretty_girls_decided_to_have_sex_with_their_roommate_because_he_is_a_very_handsome_guy","The Birthday Party",170500,1314500,"z3282cc0.mp4","PARTIAL"
"https://xvideos.com/video35898527/massage_then_hot_sex","Fuck Between",210500,1075250,"l1fd735b.mp4","PARTIAL"
"https://xvideos.com/video26071971/hot_sweaty_lolita_amateur_teen_gets_fucked_rough_in_tiny_pussyhole_dripping_wet","Bedroom adventures",392500,782500,"t0f40cf5.mp4","PARTIAL"
"http://pornhub.com/view_video.php?viewkey=ph5cd1ddf970021","30 Pleasing Fingers",173000,388000,"f2792267.mp4","PARTIAL"
"https://xvideos.com/video25876133/pervert_slim_brunette_teen_going_for_hard_cock_to_suck_and_fuck_tiny_teen_cunt","Brunettes suck cock better",25500,783750,"y2225e1d.mp4","PARTIAL"
"https://xvideos.com/video16849943/abby_boy_on_girl","Let's Start Our Lesson",19000,1656500,"ncdb7f09.mp4","PARTIAL"
"http://pornhub.com/view_video.php?viewkey=1185286516","A Talented  Schoolgirl",9000,1245250,"pcc01919.mp4","PARTIAL"
"http://pornhub.com/view_video.php?viewkey=940215250","American Guest. A Model's Life",14500,482000,"v08296bf.mp4","PARTIAL"
"https://xvideos.com/video23676386/teenie_luder_judie_18_","Awfully Huge for Her!",23500,1021750,"pa24e881.mp4","PARTIAL"
"https://xvideos.com/video41557519/wowschoolgirls_-_shrima_malati_and_elle_rose_in_slutty_mood","Slutty Mood",67500,524000,"x9c890ee.mp4","PARTIAL"
"https://xvideos.com/video2528891/anal_exchange_program_joanna","No Mercy For Your Ass",161500,793500,"ydd9b4e2.mp4","PARTIAL"
"https://xvideos.com/video31942787/teen_with_a_yummy_big_clit_has_anal_with_a_cock_way_to_thick_for_her","Masturbator",40500,1191250,"m92f7d4d.mp4","PARTIAL"
"https://xvideos.com/video2559584/riley_reid_fucked_nice","Feel My Sex Drive",20750,2259750,"v935361f.mp4","FULL"
"https://xvideos.com/video3164007/rubateen_european_teen_aline_massage_room_fucked","Spin Me, Pin me",8500,400000,"l4862c37.mp4","PARTIAL"
"http://pornhub.com/view_video.php?viewkey=ph5d399ded65961","Nerd Gets Fuck Of A Lifetime",20000,2086750,"w39a62dc.mp4","FULL"
"https://xvideos.com/video37241839/young_riley_s_shaved_teen_pussy_fucked_doggy_style","Back To The Basics",21000,227250,"h993c9ae.mp4","PARTIAL"
"https://xhamster.com/videos/sweet-little-thing-liza-shay-ros-1193994","Put It Deeper",469500,682000,"kbc26737.mp4","PARTIAL"
"https://xvideos.com/video26014573/stepbrothers_cock_in_tight_asshole_a_sexy_amateur_teenie_has_gorgeous_assfuck","Blonde girlfriend fucked in the ass",32000,1221500,"yea5bbec.mp4","PARTIAL"
"http://pornhub.com/view_video.php?viewkey=32d63db591f200019b09","American Guest. White In Blonde",13000,626750,"o9d684fc.mp4","PARTIAL"
"https://xvideos.com/video27811997/realgfsexposed_-_naomi_adams_s_ass_cherry_gets_popped","Anal practice",138500,309750,"mc219f98.mp4","PARTIAL"
"https://xvideos.com/video26598105/horny_18_year_old_touches_herself_before_a_hard_long_up-skirt_fuck","I Am An Expert At This!",16000,770750,"w9f385ac.mp4","PARTIAL"
"http://pornhub.com/view_video.php?viewkey=ph568a6a8fd6aeb","Sharing My Love",531000,928250,"gd26a015.mp4","PARTIAL"
"http://pornhub.com/view_video.php?viewkey=ph5cd9a89454904","Blind Passion",85250,601500,"k50a0de2.mp4","PARTIAL"
"https://xvideos.com/video2020761/stunning_hairy_teens_massage_turns_out_to_be_much_more","Best Massage Ever",17500,243000,"y580cf52.mp4","PARTIAL"
"https://xvideos.com/video27990367/russian_teen_sluts_-_two_beauties_ass_fucked_to_orgasm","Let's Try That Again",237500,1024000,"i418d515.mp4","PARTIAL"
"https://xvideos.com/video26611369/huge_cock_in_ass_of_tight_young_lolita_stepsister_with_big_pussy_lips_and_facial","Ardent Lovers",7000,1342250,"m8907984.mp4","PARTIAL"
"http://pornhub.com/view_video.php?viewkey=1855919870","Nubile Films Saturday! Cute Together",72000,463750,"g9676814.mp4","PARTIAL"
"https://xvideos.com/video25895417/petite_teen_stepsister_wet_cunt_gets_dildo_fuck_then_fat_cock_into_tiny_pussy","Cream My Butt",14500,613000,"oc0866ef.mp4","PARTIAL"
"https://xvideos.com/video6535590/super_cute_teen_gets_a_creampie","I Gushed Again!",7500,386500,"t24b8482.mp4","PARTIAL"
"https://xvideos.com/video10105279/my_first_asian_fuck_client","Satisfaction Guaranteed",19000,131750,"h728ec1f.mp4","PARTIAL"
"https://xvideos.com/video26518671/18_year_old_blondy_gets_her_pussy_fucked_by_her_stepbrothers_hard_cock","No Mercy For Your Ass",55500,455500,"ydd9b4e2.mp4","PARTIAL"
"https://xvideos.com/video9519961/4k_hd_-_tiny4k_alex_tanner_gets_inflamed_with_vibrator","Tiny4k Friday! Freckled Face Ginger",20500,279250,"j6d63f91.mp4","PARTIAL"
"https://xvideos.com/video25673583/tiny_teen_stepsister_fuckhole_wants_big_dildo_before_fat_cock_to_fuck_tight_cunt","Cream My Butt",14500,1591500,"oc0866ef.mp4","FULL"
"https://xvideos.com/video4862531/cute_blonde_teen_riding","Nothing Compares To This",5500,1358250,"n11c01c9.mp4","PARTIAL"
"https://xvideos.com/video11859741/meddie_and_avina_teenage_threesome","A Sudden Guest",74500,315500,"keebc037.mp4","PARTIAL"
"https://xvideos.com/video27108499/carra_has_anal_on_her_19th_birthday","A Nice Surprise",35500,1319250,"rdc2f40e.mp4","PARTIAL"
"https://xvideos.com/video22711365/ultra_perfect_schoolgirl_hardcore_with_squirting_orgasm","Cheerleader",43000,1375000,"ka36d4b4.mp4","PARTIAL"
"https://xvideos.com/video28188601/beauty-angels.com_-_sheri_vi_and_angel_and_polina_d_-_lesbian_fuck_party","Girls' Day In",12500,193750,"vcc6e546.mp4","PARTIAL"
"http://pornhub.com/view_video.php?viewkey=373133079","Wet And Stretched",9000,1607750,"kbc00805.mp4","FULL"
"https://xvideos.com/video22972653/firstanalquest.com_-_her_first_anal_is_erotic_and_arousing_in_black_lingerie","Be Kind To Me",613500,1448750,"c8ad84f8.mp4","PARTIAL"
"http://pornhub.com/view_video.php?viewkey=ph581cd2af120d7","Playful Kittens",19500,1619750,"k04796ae.mp4","FULL"
"http://pornhub.com/view_video.php?viewkey=1124617165","Sunday Tiny4k - Wet Workout",25000,751000,"xe0c300a.mp4","PARTIAL"
"https://xvideos.com/video22831531/perfect_russian_teen_anjelica_deep_doggy_style_fuck","Let's Start Our Lesson",23000,1178000,"ncdb7f09.mp4","PARTIAL"
"https://xvideos.com/video7024299/big_ass_girl_balllicking","We Deserve A Big One",226500,1470000,"w5fff7c0.mp4","PARTIAL"
"https://xvideos.com/video26149143/pretty_slim_beautiful_teenie_amateur_stepsister_assfucker_with_anal_sex_desires","She took it into her mouth, then in pussy and finally in the ass",28000,1549250,"m7d9dcaa.mp4","PARTIAL"
"http://pornhub.com/view_video.php?viewkey=ph5d3d90da4fdc6","Incredibly Horny Girls",163500,656250,"g70b42b7.mp4","PARTIAL"
"https://xhamster.com/videos/teen-couple-has-hot-sex-1460073","Passing An Exam Easily",506500,1020000,"tb343d09.mp4","PARTIAL"
"https://xvideos.com/video38564689/horny_best_friends_sharing_a_dude_","Quality Fucking",9500,1210500,"ie7794f4.mp4","PARTIAL"
"https://xvideos.com/video26561037/horny_bitch_s_only_remedy_is_to_get_step-brothers_monster_cock_into_her_fuckhole","No Mercy For Your Ass",55500,1367500,"ydd9b4e2.mp4","PARTIAL"
"https://xvideos.com/video26503185/firstanalquest.com_-_first_time_anal_sex_with_sporty_teen_brunette_and_trainer","This Will Do Me Good",213500,1241750,"d2eea0cf.mp4","PARTIAL"
"https://xvideos.com/video6202642/two_teen_babes_fuck_a_guy_they_met_online","We Deserve A Big One",136500,614000,"w5fff7c0.mp4","PARTIAL"
"http://pornhub.com/view_video.php?viewkey=ph5d2c82d738cfe","Save Me",117000,378500,"s98b34d0.mp4","PARTIAL"
"http://pornhub.com/view_video.php?viewkey=ph5740858049e9a","Nubile Films Tuesday! Playtime",20000,816000,"d4640033.mp4","PARTIAL"
"https://xvideos.com/video27978913/dos_adolescentes_rusas_tienen_sexo_oral_anal_y_vaginal","A Surprise Visit",7500,1597750,"mdc1d6a2.mp4","FULL"
"https://xvideos.com/video25856185/8aa1ceb","The Summer Garden",37000,267250,"b0d7eae0.mp4","PARTIAL"
"https://xvideos.com/video23048631/como_foder_uma_mulher","A Gentle Penetration",218500,1239250,"v024c82b.mp4","PARTIAL"
"https://xvideos.com/video11860069/nasty_threesome_bgg_video_with_fresh_teens","A Horny Company",18500,233500,"q44d415e.mp4","PARTIAL"
"https://xvideos.com/video8704056/russian_teen_karoll","Karoll Loves It Deep",9500,1329250,"v6565a0c.mp4","PARTIAL"
"https://xvideos.com/video7459000/oral-job_job_and_pussy_licking","A Date With Mr. Muscle",59000,278250,"s5b470f6.mp4","PARTIAL"
"https://xvideos.com/video6319361/delighting_a_wicked_beaver","My Neighbor is Insatiable!",7500,268500,"oe694dc4.mp4","PARTIAL"
"https://xvideos.com/video25841629/facial_after_pussy_gets_wet_from_dildo_play_by_stepbrother_and_tiny_cunt_fucked","Girs Love To Suck",17500,1194750,"m2db28ae.mp4","PARTIAL"
"http://pornhub.com/view_video.php?viewkey=1386163222","The Sure Way To Destroy A Bed",198000,1177250,"s77d76c4.mp4","PARTIAL"
"https://xvideos.com/video11612997/francheska_and_lara_anal_threesome","Let's Do Hardcore",24500,244000,"u5a861ed.mp4","PARTIAL"
"http://pornhub.com/view_video.php?viewkey=ph5bb9ae59b7c55","American Guest. A Model's Life",11500,479750,"v08296bf.mp4","PARTIAL"
"https://xvideos.com/video36076817/russian_teen_lola_taylor_loves_to_suck_that_cock","Seducing Mr. Perfect",204000,925750,"z611288f.mp4","PARTIAL"
"http://pornhub.com/view_video.php?viewkey=ph5cbb480bb784d","L'amour IdÃ©al",9000,581000,"g27b3ee8.mp4","PARTIAL"
"https://xvideos.com/video11681515/milana_and_joanna_anal_threesome","Two Girls Means Double The Fun",42500,265750,"z31650a4.mp4","PARTIAL"
"http://pornhub.com/view_video.php?viewkey=ph5d0b290dc8aea","Unleash Your Passion",20000,996750,"q85f13b8.mp4","FULL"
"https://xvideos.com/video9801657/two_teen_beauties_have_a_lust_filled_threesome","Homemade Entertainment",6500,152250,"f9d6d4cf.mp4","PARTIAL"
"http://pornhub.com/view_video.php?viewkey=1109998152","Nubile Films Sunday! My Model",20500,708750,"z3437836.mp4","PARTIAL"
"https://xvideos.com/video25849281/firstanalquest.com_-_first_anal_for_a_small_perky_tits_brunette_18_year_old","Full Speed Ahead",10500,1162750,"d2d08c9d.mp4","PARTIAL"
"http://pornhub.com/view_video.php?viewkey=ph584b8df5a677b","My Imagination Is Enough",441000,892500,"x59cb7b6.mp4","PARTIAL"
"http://pornhub.com/view_video.php?viewkey=413721838","Used And Abused",83000,1474000,"wf63166f.mp4","PARTIAL"
"https://xvideos.com/video4409882/teen_fuck","A Great Exercise",0,1678000,"i517839a.mp4","PARTIAL"
"https://xvideos.com/video5604522/bigtits_housewife_pussytomouth","Massage Me Inside",170000,1296250,"nc26f0c6.mp4","PARTIAL"
"http://pornhub.com/view_video.php?viewkey=ph5d30d94e7ae26","Enjoy Me",20000,787250,"kcdf6567.mp4","FULL"
"http://pornhub.com/view_video.php?viewkey=2054837982","Long And Hard",141000,671500,"y68af7ef.mp4","PARTIAL"
"https://xvideos.com/video25766163/anal_loving_teenie_take_stepbrothers_cock_deep_in_ass_and_pussy_till_cum","No Mercy For Your Ass",55500,1367500,"ydd9b4e2.mp4","PARTIAL"
"https://xvideos.com/video10527759/sweetheart_likes_making_blowjobs_a_lot","Long And Hard",208250,427250,"y68af7ef.mp4","PARTIAL"
"http://pornhub.com/view_video.php?viewkey=ph5d0c6ca46e410","Crossing The Line",20000,1816000,"z2e76133.mp4","FULL"
"https://xvideos.com/video37451571/stunning_teen_hailey_gets_her_asshole_gaped_far_and_wide","Hailey Loves It Anally",182500,802750,"w6f9a2b6.mp4","PARTIAL"
"https://xvideos.com/video38020217/horny_bestfriends_fucks_with_one_guy_","A Surprise Visit",7500,1597750,"mdc1d6a2.mp4","FULL"
"http://pornhub.com/view_video.php?viewkey=606386642","Passion-HD Tuesday! The Couple That Plays Together",22000,605000,"ge6cda87.mp4","PARTIAL"
"https://xvideos.com/video48377845/sexy_lesbian_teens_emily_thorne_and_evelyn_test_their_brand_new_sex_toys","Toying With My Girl",145000,614250,"g6d7c21a.mp4","PARTIAL"
"http://pornhub.com/view_video.php?viewkey=ph5a9163eae6725","A Beefy Present",20000,1491750,"f89805b8.mp4","FULL"
"http://pornhub.com/view_video.php?viewkey=ph5d2f0f107c412","Inexplicably Wonderful",20000,417750,"g918643c.mp4","PARTIAL"
"https://xvideos.com/video32370233/stunning_blonde_with_big_tits_loving_some_dick_","Naelya loves intense fucking",32500,1782000,"z073098b.mp4","PARTIAL"
"https://xvideos.com/video27294413/joanna_fills_her_perfect_butthole_with_a_thick_dick","I Want Your A Big One",41500,895000,"x5d3a32b.mp4","PARTIAL"
"http://pornhub.com/view_video.php?viewkey=969292594","Nubile Films Sunday! Alone Time",20000,342250,"gac613ea.mp4","PARTIAL"
"http://pornhub.com/view_video.php?viewkey=ph5cb78aff0c31d","I Beg You To Lick Me",4500,507000,"u1a0256f.mp4","PARTIAL"
"http://pornhub.com/view_video.php?viewkey=181565838","I'm Gonna Cheer You Up Right Now",802500,1417500,"r9b032c4.mp4","PARTIAL"
"http://pornhub.com/view_video.php?viewkey=ph5cee04bb11ddd","I Care For Myself",20000,828000,"u3b22a1d.mp4","FULL"
"https://xvideos.com/video25501725/full_on_foursome_-_pussy_fucking_and_anal_sex_friends","This Is Real",214000,763250,"e712036b.mp4","PARTIAL"
"https://xvideos.com/video25421323/anal_fuck_tight_teen_ass_with_fat_cock","No Mercy For Your Ass",50000,1361750,"ydd9b4e2.mp4","PARTIAL"
"https://xvideos.com/video30480155/russian_dream_teens_massage_client_before_a_hot_threesome","Surfing On Love",22500,1202500,"hf5c379a.mp4","PARTIAL"
"http://pornhub.com/view_video.php?viewkey=ph578218876ad47","Nubile Films Saturday! Dream Lovers",20000,1162000,"z6bce5ec.mp4","FULL"
"http://pornhub.com/view_video.php?viewkey=1833808435","Lots Of Joy To Enjoy",9000,1167000,"p7e67dbf.mp4","PARTIAL"
"https://xvideos.com/video11078686/chick_likes_making_blowjobs_a_lot","An Effective Treatment",76500,286000,"y7b70d19.mp4","PARTIAL"
"https://xvideos.com/video10452717/pigtailed_teen_adelle_gets_ass_fucked_and_facialized","Exploited Girl",141000,338500,"f675b391.mp4","PARTIAL"
"https://xvideos.com/video28381483/trickymasseur.com_-_jordan_-_table_of_pleasure","Take It Or Leave It",128500,324500,"e11b9cb3.mp4","PARTIAL"
"http://pornhub.com/view_video.php?viewkey=ph5d2a14b6a21bd","Horny Awakening",28750,77250,"ga880e9e.mp4","PARTIAL"
"http://pornhub.com/view_video.php?viewkey=1449193382","Voluptuous Desire Of Being Fucked",162000,1460750,"t87922f9.mp4","PARTIAL"
"http://pornhub.com/view_video.php?viewkey=ph5cb8b6af1f9f1","Excuse To Fuck",109500,711500,"y025f9b9.mp4","PARTIAL"
"http://pornhub.com/view_video.php?viewkey=ph58c78ae34ba6a","Nubiles Wednesday! Smack My Butt",17500,1332750,"m6f06a65.mp4","FULL"
"https://xvideos.com/video26559661/chubby_stepsister_assfucked_and_licked_pussy_after_blowjob_for_cumshot","Perfect sex doll",31500,301250,"sbaae2cf.mp4","PARTIAL"
"http://pornhub.com/view_video.php?viewkey=1719278271"," Nubile Films Wednesday! Wake With Me",20000,738000,"d184afca.mp4","PARTIAL"
"https://xvideos.com/video22234839/petite_teen_gets_slit_licked_and_pounded","My Pushy Friend",201000,421250,"x45e1e77.mp4","PARTIAL"
"https://xvideos.com/video29719335/massage-x_-_tattooed_masseur_makes_her_cum_jordan","Take It Or Leave It",162000,489500,"e11b9cb3.mp4","PARTIAL"
"https://xvideos.com/video13986593/anal_penetration_in_an_erotic_scene_with_a_teen_cutie","Follow My Lead",10500,810500,"u9d5e3ec.mp4","PARTIAL"
"https://xvideos.com/video8831543/stepsisters_love_to_share","Double Bed, Double The Fun",100000,309250,"bc2f64b0.mp4","PARTIAL"
"https://xvideos.com/video12258585/one_cock_is_not_enough_for_the_russian_college_babe","This Will Never Get Boring",333000,514500,"d5107336.mp4","PARTIAL"
"http://pornhub.com/view_video.php?viewkey=ph58af039401e5d","My Primal State Of Mind",402000,1021000,"ee284110.mp4","PARTIAL"
"https://xvideos.com/video24309105/skinny_teenie_geile_fotzenspiele","Nailed Hard & Deep",21000,1167000,"s09ef7bf.mp4","PARTIAL"
"https://xvideos.com/video7135590/malena_morgan_lesb_full_action","Nubile Films Sunday! My Model",52500,709000,"z3437836.mp4","PARTIAL"
"http://pornhub.com/view_video.php?viewkey=1944951854","It's Human Nature",400500,1213500,"yb182822.mp4","PARTIAL"
"https://xvideos.com/video6367041/6/blonde_and_brunette_teen_make_a_guy_happy","Keep Abusing Our Twats",38000,255750,"s3c1d9eb.mp4","PARTIAL"
"https://xvideos.com/video11070080/a_gentle_fuck","A Gentle Penetration",103000,332750,"v024c82b.mp4","PARTIAL"
"https://xvideos.com/video7894628/lusthd_russian_best_friends_in_pussy_and_anal_threesome","Three Way Drive",60500,257750,"z021cd59.mp4","PARTIAL"
"http://pornhub.com/view_video.php?viewkey=431175331","Drunk On Love",10000,1227500,"j1ce6b29.mp4","PARTIAL"
"https://xvideos.com/video13298713/lusthd_-_euro-teen_gets_creamed","Going On A Cock Diet",19500,338500,"f33fc9ca.mp4","PARTIAL"
"https://xvideos.com/video13162635/_","Getting What I Need",46000,871000,"ceee7dc5.mp4","PARTIAL"
"http://pornhub.com/view_video.php?viewkey=ph5d359d25b3c9f","Pump My Twat",19750,1458500,"q0a9a868.mp4","PARTIAL"
"http://pornhub.com/view_video.php?viewkey=ph5cb44845af684","Slutty Maids",147500,559250,"je7c9d3b.mp4","PARTIAL"
"https://xvideos.com/video19295541/bro_caught_step-sister_and_seduce_to_fuck_her_anal","Slam My Round Ass!",21000,399250,"zaffe7c1.mp4","PARTIAL"
"https://xvideos.com/video19623089/russian_teen_valentina_ass_fucked","Full Ass Inspection",460500,1394750,"vef58701.mp4","PARTIAL"
"https://xvideos.com/video24249607/firstbgg_-_schoolgirls_share_dick_-_grace_c_rebecca","Something Extra",123000,337750,"b52e48e7.mp4","PARTIAL"