"UserID","KW","Priority"
"x0","Abigail",1
"x0","Ada",1
"x0","Addison",1
"x0","Adel Morel",7
"x0","Adelle Unicorn",2
"x0","Adria",1
"x0","Agnese",1
"x0","Aimee Ryan",2
"x0","Aina",1
"x0","Aislin",1
"x0","Alaina Dawson",2
"x0","Alecia Fox",2
"x0","Alegra",1
"x0","Alex Grey",2
"x0","Alex Tanner",2
"x0","Alexa Tomas",2
"x0","Alexis",1
"x0","Alexis Adams",2
"x0","Alexis Crystal",2
"x0","Alice Green",2
"x0","Alice March",2
"x0","Alina West",2
"x0","Alla",1
"x0","Ally",1
"x0","Ally B",2
"x0","Alyona",1
"x0","Alyssa",1
"x0","Alyssa A",2
"x0","Amanda",1
"x0","Amber",1
"x0","Amiee",1
"x0","Amira Adara",2
"x0","Amy",1
"x0","Anabela",1
"x0","Anabelle",1
"x0","Anastasia",1
"x0","Andrea",1
"x0","Anfisa",1
"x0","Angel P",2
"x0","Angela",1
"x0","Angie Koks",2
"x0","Anie Darling",2
"x0","Anina Silk",2
"x0","Anita E",2
"x0","Aniuta",1
"x0","Anjelica",1
"x0","Ann Marie",2
"x0","Anna Di",2
"x0","Anna Jolie",2
"x0","Anna Lee",2
"x0","Anna Rose",2
"x0","Anna Swix",2
"x0","Anna Tatu",2
"x0","Anni",1
"x0","Anny Aurora",2
"x0","Antonia Sainz",2
"x0","Apolonia",1
"x0","Aprilia",1
"x0","Aria Alexander",2
"x0","Aria Bella",2
"x0","Ariadna",1
"x0","Ariel",1
"x0","Artemida",1
"x0","Arteya",1
"x0","Arwen Gold",2
"x0","Ashley",1
"x0","Audrey",1
"x0","Aurelia",1
"x0","Ava",1
"x0","Ava Taylor",2
"x0","Avery",1
"x0","Baby Dream",2
"x0","Bailey A",2
"x0","Bala",1
"x0","Barbara Sweet",2
"x0","Barbie",1
"x0","Beata",1
"x0","Beatris",1
"x0","Bella Baby",2
"x0","Berta",1
"x0","Bettie",1
"x0","Betty",1
"x0","Bianca",1
"x0","Blair",1
"x0","Blake",1
"x0","Blake Eden",2
"x0","Bogdana",1
"x0","Bolonia",1
"x0","Bonny",1
"x0","Brenda",1
"x0","Brianna",1
"x0","Brietta",1
"x0","Britney S",2
"x0","Brooke",1
"x0","Cali",1
"x0","Callie",1
"x0","Candice Luca",2
"x0","Candy Sweet",2
"x0","Caprice",1
"x0","Caprice A",2
"x0","Carine",1
"x0","Carla",1
"x0","Carli Banks",2
"x0","Carolina Abril",2
"x0","Caroline",1
"x0","Carolyn",1
"x0","Carre",1
"x0","Cassie Fire",2
"x0","Cayla",1
"x0","Cecilia",1
"x0","Celeste Star",2
"x0","Chanel",1
"x0","Charli Red",2
"x0","Charlie Laine",2
"x0","Charlotte",1
"x0","Chastity Lynn",2
"x0","Chelsy Sun",2
"x0","Cherry",1
"x0","Cherry Bright",2
"x0","Cherry Pink",2
"x0","Cheryl",1
"x0","Chiara",1
"x0","Chinara",1
"x0","Chloe Couture",2
"x0","Chloe Foster",2
"x0","Christel",1
"x0","Christine",1
"x0","Cindy",1
"x0","Cindy Shine",2
"x0","Clarice",1
"x0","Clover",1
"x0","Codie",1
"x0","Colette",1
"x0","Connie",1
"x0","Cristina",1
"x0","Daisy Lee",2
"x0","Dakota",1
"x0","Dakota Skye",2
"x0","Dana",1
"x0","Dani Daniels",2
"x0","Danica",1
"x0","Daniella Rose",2
"x0","Danika",1
"x0","Daphne",1
"x0","Daphne Klyde",2
"x0","Dasha S",2
"x0","Delphina",1
"x0","Denisa Heaven",2
"x0","Destiny",1
"x0","Diana",1
"x0","Diane",1
"x0","Dillon",1
"x0","Dione",1
"x0","Divina",1
"x0","Dominika",1
"x0","Dominique",1
"x0","Dora",1
"x0","Dorothea",1
"x0","Dorothy",1
"x0","Dream July",2
"x0","Dulce",1
"x0","Dunya",1
"x0","Dusya",1
"x0","Eden",1
"x0","Elaina",1
"x0","Eleanor",1
"x0","Elin",1
"x0","Elina De Lion",3
"x0","Elisa",1
"x0","Elisa A",2
"x0","Elisse",1
"x0","Elizabeth",1
"x0","Ella",1
"x0","Elle",1
"x0","Elle Alexandra",2
"x0","Elle Rose",2
"x0","Elly",1
"x0","Elsa Jean",2
"x0","Elysee",1
"x0","Ema",1
"x0","Emily",1
"x0","Emily Grey",2
"x0","Emily Thorne",2
"x0","Emma",1
"x0","Emma Stoned",2
"x0","Emuna",1
"x0","Era",1
"x0","Erica",1
"x0","Erica Fox",2
"x0","Erika",1
"x0","Ester",1
"x0","Eufrat",1
"x0","Evdokia",1
"x0","Eve",1
"x0","Evelina Darling",2
"x0","Eveline",1
"x0","Eveline Dellai",2
"x0","Evelyn",1
"x0","Fabiola",1
"x0","Faina",1
"x0","Fantina",1
"x0","Farida",1
"x0","Felicia",1
"x0","Feona",1
"x0","Fima",1
"x0","Flavia",1
"x0","Foxi Di",2
"x0","Frances",1
"x0","Francheska",1
"x0","Frida C",2
"x0","Gabi",1
"x0","Gaby",1
"x0","Gala",1
"x0","Galina",1
"x0","Georgia Jones",2
"x0","Gerda",1
"x0","Gerta",1
"x0","Gianna",1
"x0","Gina Gerson",2
"x0","Ginger",1
"x0","Ginta",1
"x0","Gloria",1
"x0","Grace C",2
"x0","Gretta",1
"x0","Guerlain",1
"x0","Hailey",1
"x0","Haily Sanders",2
"x0","Haley",1
"x0","Hanna",1
"x0","Hannah",1
"x0","Harper",1
"x0","Hayden",1
"x0","Hazel",1
"x0","Heather",1
"x0","Helena",1
"x0","Holly Michaels",2
"x0","Ilina",1
"x0","Illiana",1
"x0","Iness",1
"x0","Inessa",1
"x0","Inez",1
"x0","Inga",1
"x0","Ingrid",1
"x0","Ira",1
"x0","Irene",1
"x0","Irina K",2
"x0","Iris",1
"x0","Isabel",1
"x0","Isabeli",1
"x0","Ivana",1
"x0","Iveta",1
"x0","Ivy",1
"x0","Iwia",1
"x0","Izabella",1
"x0","Izzy Delphine",2
"x0","J. Joanna",2
"x0","Jackie O",2
"x0","Jada",1
"x0","Jade",1
"x0","Jana Cova",2
"x0","Jana Jordan",2
"x0","Janee",1
"x0","Janese",1
"x0","Janette",1
"x0","Janice",1
"x0","Janna",1
"x0","Jarmila",1
"x0","Jasmin",1
"x0","Jassie Gold",2
"x0","Jenna",1
"x0","Jenna Ross",2
"x0","Jennifer",1
"x0","Jenny Smart",2
"x0","Jessey",1
"x0","Jessie Rogers",2
"x0","Jessy",1
"x0","Jia Lissa",2
"x0","Jiva",1
"x0","Joseline Kelly",2
"x0","Josie",1
"x0","Joy",1
"x0","Julia",1
"x0","Juline",1
"x0","June",1
"x0","Kacey Jordan",2
"x0","Kaiya",1
"x0","Kameya",1
"x0","Kani",1
"x0","Karen",1
"x0","Karissa",1
"x0","Karoll",1
"x0","Kasey Chase",2
"x0","Kasia",1
"x0","Katarina Muti",2
"x0","Katherine",1
"x0","Kathleen",1
"x0","Katie",1
"x0","Katrina",1
"x0","Katy Rose",2
"x0","Katy Sky",2
"x0","Kayla",1
"x0","Kaylee",1
"x0","Keira",1
"x0","Kendall Karson",2
"x0","Kennedy",1
"x0","Kiara Lord",2
"x0","Kiera",1
"x0","Kika",1
"x0","Kiki",1
"x0","Kimberley",1
"x0","Kimberly",1
"x0","Kimmy Granger",2
"x0","Kira",1
"x0","Kitana A",2
"x0","Kitty Jane",2
"x0","Klara",1
"x0","Kristy Black",2
"x0","Ksena Chais",2
"x0","Ksenija A",2
"x0","Ksusha",1
"x0","Kylie",1
"x0","Kylie Quinn",2
"x0","Lada",1
"x0","Lady Bug",2
"x0","Lady D",2
"x0","Lailda",1
"x0","Lara",1
"x0","Latoya",1
"x0","Lauren",1
"x0","Lauren S",2
"x0","Lavanda",1
"x0","Lavender",1
"x0","Leah Gotti",2
"x0","Leanne Lace",2
"x0","Lee Moon",2
"x0","Leighton",1
"x0","Leila",1
"x0","Leila Smith",2
"x0","Lela Star",2
"x0","Lena Reif",2
"x0","Lenusik",1
"x0","Leonie",1
"x0","Lexi Belle",2
"x0","Lexi Dona",2
"x0","Lia",1
"x0","Liala",1
"x0","Liana",1
"x0","Lilian",1
"x0","Liliana",1
"x0","Lilu",1
"x0","Lily",1
"x0","Linda",1
"x0","Linda S",2
"x0","Linda Sweet",2
"x0","Lindsay Marie",2
"x0","Lindsey",1
"x0","Livia",1
"x0","Liya",1
"x0","Lola",1
"x0","LollyPop",1
"x0","Lora",1
"x0","Lorena",1
"x0","Lotus",1
"x0","Lou",1
"x0","Louisie",1
"x0","Love",1
"x0","Lovenia",1
"x0","Lovita Fate",2
"x0","Lucy",1
"x0","Lucy B",2
"x0","Lucy Li",2
"x0","Luda",1
"x0","Luiza",1
"x0","Luna",1
"x0","Lusil",1
"x0","Machiko",1
"x0","Maci Winslett",2
"x0","Mackenzie",1
"x0","Madeline",1
"x0","Madison",1
"x0","Madonna",1
"x0","Maggie Gold",2
"x0","Maisa",1
"x0","Makayla",1
"x0","Malena Morgan",2
"x0","Malica",1
"x0","Manyasha",1
"x0","Marcella",1
"x0","Margaret",1
"x0","Margot A",2
"x0","Maria",1
"x0","Maria Pie",2
"x0","Mariana",1
"x0","Marina",1
"x0","Marina Visconti",2
"x0","Marizza",1
"x0","Martina",1
"x0","Mary Kalisy",2
"x0","Mathea",1
"x0","Maya",1
"x0","Meddie",1
"x0","Megan",1
"x0","Megan Rain",2
"x0","Megana",1
"x0","Meggie",1
"x0","Mela",1
"x0","Melana",1
"x0","Melanie",1
"x0","Melanie B",2
"x0","Melany",1
"x0","Melena Maria",2
"x0","Melissa",1
"x0","Melissa Benz",2
"x0","Mercedes",1
"x0","Mia",1
"x0","Mia Sollis",2
"x0","Michaela Isizzu",2
"x0","Michelle",1
"x0","Miela A",2
"x0","Mika",1
"x0","Mila Azul",2
"x0","Milagres",1
"x0","Milana",1
"x0","Milena Devi",2
"x0","Mindy",1
"x0","Mira",1
"x0","Mirabella",1
"x0","Misha",1
"x0","Momoko",1
"x0","Monica",1
"x0","Monika Benz",2
"x0","Monroe",1
"x0","Mya",1
"x0","Nadin",1
"x0","Nadya",1
"x0","Naelya",1
"x0","Nancey",1
"x0","Nancy",1
"x0","Nancy A",2
"x0","Naomi Nia",2
"x0","Naomi Woods",2
"x0","Nastya T",2
"x0","Natalia Star",2
"x0","Natalie Heart",2
"x0","Natasha",1
"x0","Natasha Von",2
"x0","Nekane",1
"x0","Nelli",1
"x0","Nelya",1
"x0","Neona",1
"x0","Nicca",1
"x0","Nicol",1
"x0","Nika",1
"x0","Nikia",1
"x0","Nikita",1
"x0","Nikita Black",2
"x0","Nikki Waine",2
"x0","Nikol",1
"x0","Nimfa",1
"x0","Nina North",2
"x0","Nixie",1
"x0","Nomi",1
"x0","Nubira",1
"x0","Octavia",1
"x0","Odile",1
"x0","Olena",1
"x0","Olesia",1
"x0","Olesya",1
"x0","Olivka",1
"x0","Olya",1
"x0","Olympia",1
"x0","Orea",1
"x0","Paige",1
"x0","Paloma",1
"x0","Pam",1
"x0","Pantera",1
"x0","Paris Devine",2
"x0","Parvin",1
"x0","Patricia",1
"x0","Paula Shy",2
"x0","Peachy",1
"x0","Penelope",1
"x0","Piper Perry",2
"x0","Pola",1
"x0","Polina",1
"x0","Prinzzess",1
"x0","Puppy",1
"x0","Querida",1
"x0","Rachel James",2
"x0","Rada",1
"x0","Rady",1
"x0","Ramona",1
"x0","Raphaella",1
"x0","Raquel",1
"x0","Rea",1
"x0","Rebecca",1
"x0","Regina",1
"x0","Ria Sun",2
"x0","Ricarda",1
"x0","Riley Reid",2
"x0","Rina",1
"x0","Rita",1
"x0","Romea",1
"x0","Rosanna",1
"x0","Rose",1
"x0","Rossy Bush",2
"x0","Roxy",1
"x0","Ruby",1
"x0","Ruslana",1
"x0","Ruth",1
"x0","Sabrisse",1
"x0","Sade Mare",2
"x0","Saidat",1
"x0","Sakari",1
"x0","Samantha",1
"x0","Samantha Rone",2
"x0","Sandy",1
"x0","Sapphira",1
"x0","Sapphire",1
"x0","Sara Luv",2
"x0","Sarah",1
"x0","Sarah Kay",2
"x0","Sarena",1
"x0","Sasha",1
"x0","Sasha Rose",2
"x0","Savarna",1
"x0","Serena",1
"x0","Serena Wood",2
"x0","Serika",1
"x0","Serina",1
"x0","Sharon",1
"x0","Shelby",1
"x0","Shirley",1
"x0","Shrima Malati",2
"x0","Silver",1
"x0","Silvia",1
"x0","Silvia Dellai",2
"x0","Silvie",1
"x0","Silvie Luca",2
"x0","Slava",1
"x0","Slevie",1
"x0","Sofia Like",2
"x0","Solnce",1
"x0","Spears",1
"x0","Staci",1
"x0","Stacy",1
"x0","Stasha",1
"x0","Stefanie Moon",2
"x0","Stella Daniels",2
"x0","Stephanie",1
"x0","Sybil",1
"x0","Taisa",1
"x0","Taisia Shanti",2
"x0","Tali Dova",2
"x0","Talia",1
"x0","Talia Mint",2
"x0","Tatra",1
"x0","Taylor",1
"x0","Taylor Sands",2
"x0","Tee Nka",2
"x0","Tequila",1
"x0","Teressa Bizarre",2
"x0","Tess B",2
"x0","Ti Sato",2
"x0","Tiffany",1
"x0","Tiffany Fox",2
"x0","Timea Bella",2
"x0","Tina",1
"x0","Toma",1
"x0","Tonya",1
"x0","Tori",1
"x0","Trinity",1
"x0","Trisha",1
"x0","Ulia",1
"x0","Uliana",1
"x0","Ultima",1
"x0","Ulyana",1
"x0","Uma",1
"x0","Unona",1
"x0","Valentina",1
"x0","Valeria",1
"x0","Valeria A",2
"x0","Vanda",1
"x0","Vanessa",1
"x0","Varvara",1
"x0","Vasilisa",1
"x0","Verda",1
"x0","Veronica Radke",2
"x0","Veronica Rodriguez",2
"x0","Veronika",1
"x0","Victoria",1
"x0","Victoria Sweet",2
"x0","Viki",1
"x0","Vinna Reed",2
"x0","Violet",1
"x0","Violette",1
"x0","Virginie",1
"x0","Vivian",1
"x0","Vlada T",2
"x0","Whitney",1
"x0","Wow Girls",2
"x0","WowGirls",1
"x0","Yana",1
"x0","Yarina",1
"x0","Yarina A",2
"x0","Yasmin",1
"x0","Yoko",1
"x0","Zanna",1
"x0","Zarina",1
"x0","Zaya",1
"x0","Zlata",1
"x0","Zoe",1
"x0","Zoey Kush",2
"x0","Zoi",1
"x0","Zsanett",1